﻿Name,Species
100598.jpg,Amanita bisporigera
100599.jpg,Amanita bisporigera
100600.jpg,Amanita bisporigera
100626.jpg,Amanita bisporigera
100628.jpg,Amanita bisporigera
100629.jpg,Amanita bisporigera
100630.jpg,Amanita bisporigera
100631.jpg,Amanita bisporigera
101388.jpg,Amanita bisporigera
101389.jpg,Amanita bisporigera
101528.jpg,Amanita bisporigera
101529.jpg,Amanita bisporigera
101751.jpg,Amanita bisporigera
101752.jpg,Amanita bisporigera
101753.jpg,Amanita bisporigera
101754.jpg,Amanita bisporigera
102140.jpg,Amanita bisporigera
102141.jpg,Amanita bisporigera
102142.jpg,Amanita bisporigera
102143.jpg,Amanita bisporigera
102526.jpg,Amanita bisporigera
105055.jpg,Amanita bisporigera
107074.jpg,Amanita bisporigera
107278.jpg,Amanita bisporigera
107279.jpg,Amanita bisporigera
108085.jpg,Amanita bisporigera
108142.jpg,Amanita bisporigera
114368.jpg,Amanita bisporigera
114369.jpg,Amanita bisporigera
114370.jpg,Amanita bisporigera
118993.jpg,Amanita bisporigera
118994.jpg,Amanita bisporigera
119142.jpg,Amanita bisporigera
126620.jpg,Amanita bisporigera
126621.jpg,Amanita bisporigera
14666.jpg,Amanita bisporigera
14667.jpg,Amanita bisporigera
152934.jpg,Amanita bisporigera
152935.jpg,Amanita bisporigera
152936.jpg,Amanita bisporigera
152937.jpg,Amanita bisporigera
152938.jpg,Amanita bisporigera
152939.jpg,Amanita bisporigera
152940.jpg,Amanita bisporigera
153017.jpg,Amanita bisporigera
153018.jpg,Amanita bisporigera
153019.jpg,Amanita bisporigera
154053.jpg,Amanita bisporigera
154054.jpg,Amanita bisporigera
154055.jpg,Amanita bisporigera
155997.jpg,Amanita bisporigera
155998.jpg,Amanita bisporigera
155999.jpg,Amanita bisporigera
156772.jpg,Amanita bisporigera
156823.jpg,Amanita bisporigera
156824.jpg,Amanita bisporigera
156826.jpg,Amanita bisporigera
158032.jpg,Amanita bisporigera
15954.jpg,Amanita bisporigera
160099.jpg,Amanita bisporigera
160100.jpg,Amanita bisporigera
160101.jpg,Amanita bisporigera
160102.jpg,Amanita bisporigera
160103.jpg,Amanita bisporigera
160104.jpg,Amanita bisporigera
160166.jpg,Amanita bisporigera
164764.jpg,Amanita bisporigera
164765.jpg,Amanita bisporigera
164766.jpg,Amanita bisporigera
164767.jpg,Amanita bisporigera
165070.jpg,Amanita bisporigera
165072.jpg,Amanita bisporigera
165073.jpg,Amanita bisporigera
165074.jpg,Amanita bisporigera
166775.jpg,Amanita bisporigera
167282.jpg,Amanita bisporigera
167283.jpg,Amanita bisporigera
167284.jpg,Amanita bisporigera
168220.jpg,Amanita bisporigera
168221.jpg,Amanita bisporigera
168222.jpg,Amanita bisporigera
168996.jpg,Amanita bisporigera
169220.jpg,Amanita bisporigera
169520.jpg,Amanita bisporigera
169521.jpg,Amanita bisporigera
170443.jpg,Amanita bisporigera
170444.jpg,Amanita bisporigera
178481.jpg,Amanita bisporigera
178482.jpg,Amanita bisporigera
178483.jpg,Amanita bisporigera
178484.jpg,Amanita bisporigera
17932.jpg,Amanita bisporigera
17933.jpg,Amanita bisporigera
17964.jpg,Amanita bisporigera
17965.jpg,Amanita bisporigera
18413.jpg,Amanita bisporigera
191189.jpg,Amanita bisporigera
191190.jpg,Amanita bisporigera
201408.jpg,Amanita bisporigera
201409.jpg,Amanita bisporigera
201512.jpg,Amanita bisporigera
201514.jpg,Amanita bisporigera
201515.jpg,Amanita bisporigera
201516.jpg,Amanita bisporigera
20192.jpg,Amanita bisporigera
20193.jpg,Amanita bisporigera
20194.jpg,Amanita bisporigera
20779.jpg,Amanita bisporigera
222833.jpg,Amanita bisporigera
222834.jpg,Amanita bisporigera
222835.jpg,Amanita bisporigera
222836.jpg,Amanita bisporigera
222848.jpg,Amanita bisporigera
222849.jpg,Amanita bisporigera
222850.jpg,Amanita bisporigera
224792.jpg,Amanita bisporigera
224793.jpg,Amanita bisporigera
224794.jpg,Amanita bisporigera
225610.jpg,Amanita bisporigera
225611.jpg,Amanita bisporigera
225612.jpg,Amanita bisporigera
225613.jpg,Amanita bisporigera
225614.jpg,Amanita bisporigera
228225.jpg,Amanita bisporigera
228232.jpg,Amanita bisporigera
228287.jpg,Amanita bisporigera
230747.jpg,Amanita bisporigera
230748.jpg,Amanita bisporigera
230749.jpg,Amanita bisporigera
230750.jpg,Amanita bisporigera
230751.jpg,Amanita bisporigera
231071.jpg,Amanita bisporigera
231072.jpg,Amanita bisporigera
236565.jpg,Amanita bisporigera
237959.jpg,Amanita bisporigera
237964.jpg,Amanita bisporigera
237965.jpg,Amanita bisporigera
237969.jpg,Amanita bisporigera
239929.jpg,Amanita bisporigera
239930.jpg,Amanita bisporigera
239931.jpg,Amanita bisporigera
243104.jpg,Amanita bisporigera
243105.jpg,Amanita bisporigera
243106.jpg,Amanita bisporigera
243107.jpg,Amanita bisporigera
243108.jpg,Amanita bisporigera
247278.jpg,Amanita bisporigera
247279.jpg,Amanita bisporigera
247280.jpg,Amanita bisporigera
248852.jpg,Amanita bisporigera
249288.jpg,Amanita bisporigera
249289.jpg,Amanita bisporigera
249586.jpg,Amanita bisporigera
250313.jpg,Amanita bisporigera
250314.jpg,Amanita bisporigera
250315.jpg,Amanita bisporigera
250316.jpg,Amanita bisporigera
250317.jpg,Amanita bisporigera
252031.jpg,Amanita bisporigera
252032.jpg,Amanita bisporigera
252033.jpg,Amanita bisporigera
252034.jpg,Amanita bisporigera
252035.jpg,Amanita bisporigera
252959.jpg,Amanita bisporigera
252960.jpg,Amanita bisporigera
252961.jpg,Amanita bisporigera
252962.jpg,Amanita bisporigera
252963.jpg,Amanita bisporigera
252964.jpg,Amanita bisporigera
252965.jpg,Amanita bisporigera
252966.jpg,Amanita bisporigera
252967.jpg,Amanita bisporigera
252968.jpg,Amanita bisporigera
252969.jpg,Amanita bisporigera
252970.jpg,Amanita bisporigera
252971.jpg,Amanita bisporigera
252972.jpg,Amanita bisporigera
25478.jpg,Amanita bisporigera
25479.jpg,Amanita bisporigera
25480.jpg,Amanita bisporigera
25481.jpg,Amanita bisporigera
255118.jpg,Amanita bisporigera
255171.jpg,Amanita bisporigera
255172.jpg,Amanita bisporigera
256517.jpg,Amanita bisporigera
256518.jpg,Amanita bisporigera
256519.jpg,Amanita bisporigera
256575.jpg,Amanita bisporigera
260818.jpg,Amanita bisporigera
261245.jpg,Amanita bisporigera
261246.jpg,Amanita bisporigera
262217.jpg,Amanita bisporigera
262218.jpg,Amanita bisporigera
262235.jpg,Amanita bisporigera
262236.jpg,Amanita bisporigera
262281.jpg,Amanita bisporigera
262293.jpg,Amanita bisporigera
262302.jpg,Amanita bisporigera
262738.jpg,Amanita bisporigera
262817.jpg,Amanita bisporigera
262929.jpg,Amanita bisporigera
263789.jpg,Amanita bisporigera
263790.jpg,Amanita bisporigera
264315.jpg,Amanita bisporigera
264316.jpg,Amanita bisporigera
264317.jpg,Amanita bisporigera
264318.jpg,Amanita bisporigera
264349.jpg,Amanita bisporigera
264350.jpg,Amanita bisporigera
264351.jpg,Amanita bisporigera
264352.jpg,Amanita bisporigera
264723.jpg,Amanita bisporigera
264724.jpg,Amanita bisporigera
264725.jpg,Amanita bisporigera
26605.jpg,Amanita bisporigera
266502.jpg,Amanita bisporigera
267218.jpg,Amanita bisporigera
267219.jpg,Amanita bisporigera
267220.jpg,Amanita bisporigera
267221.jpg,Amanita bisporigera
267629.jpg,Amanita bisporigera
267896.jpg,Amanita bisporigera
270224.jpg,Amanita bisporigera
270225.jpg,Amanita bisporigera
270226.jpg,Amanita bisporigera
270227.jpg,Amanita bisporigera
270228.jpg,Amanita bisporigera
271892.jpg,Amanita bisporigera
271893.jpg,Amanita bisporigera
271894.jpg,Amanita bisporigera
271895.jpg,Amanita bisporigera
27621.jpg,Amanita bisporigera
294829.jpg,Amanita bisporigera
304087.jpg,Amanita bisporigera
304088.jpg,Amanita bisporigera
304089.jpg,Amanita bisporigera
326345.jpg,Amanita bisporigera
326346.jpg,Amanita bisporigera
326347.jpg,Amanita bisporigera
326348.jpg,Amanita bisporigera
326471.jpg,Amanita bisporigera
326472.jpg,Amanita bisporigera
326473.jpg,Amanita bisporigera
326474.jpg,Amanita bisporigera
326475.jpg,Amanita bisporigera
330101.jpg,Amanita bisporigera
330102.jpg,Amanita bisporigera
335004.jpg,Amanita bisporigera
335005.jpg,Amanita bisporigera
335006.jpg,Amanita bisporigera
335007.jpg,Amanita bisporigera
337035.jpg,Amanita bisporigera
337036.jpg,Amanita bisporigera
337037.jpg,Amanita bisporigera
337540.jpg,Amanita bisporigera
341035.jpg,Amanita bisporigera
341036.jpg,Amanita bisporigera
341037.jpg,Amanita bisporigera
341038.jpg,Amanita bisporigera
343887.jpg,Amanita bisporigera
343888.jpg,Amanita bisporigera
344758.jpg,Amanita bisporigera
346104.jpg,Amanita bisporigera
346139.jpg,Amanita bisporigera
349161.jpg,Amanita bisporigera
349543.jpg,Amanita bisporigera
349917.jpg,Amanita bisporigera
351389.jpg,Amanita bisporigera
351390.jpg,Amanita bisporigera
351391.jpg,Amanita bisporigera
351392.jpg,Amanita bisporigera
351987.jpg,Amanita bisporigera
351988.jpg,Amanita bisporigera
351989.jpg,Amanita bisporigera
351990.jpg,Amanita bisporigera
351991.jpg,Amanita bisporigera
351994.jpg,Amanita bisporigera
351995.jpg,Amanita bisporigera
351996.jpg,Amanita bisporigera
351997.jpg,Amanita bisporigera
351999.jpg,Amanita bisporigera
352434.jpg,Amanita bisporigera
352435.jpg,Amanita bisporigera
352436.jpg,Amanita bisporigera
352437.jpg,Amanita bisporigera
352438.jpg,Amanita bisporigera
352439.jpg,Amanita bisporigera
352440.jpg,Amanita bisporigera
352992.jpg,Amanita bisporigera
352993.jpg,Amanita bisporigera
352994.jpg,Amanita bisporigera
352995.jpg,Amanita bisporigera
352996.jpg,Amanita bisporigera
354649.jpg,Amanita bisporigera
355207.jpg,Amanita bisporigera
356045.jpg,Amanita bisporigera
356046.jpg,Amanita bisporigera
356047.jpg,Amanita bisporigera
356058.jpg,Amanita bisporigera
356059.jpg,Amanita bisporigera
356060.jpg,Amanita bisporigera
356061.jpg,Amanita bisporigera
361027.jpg,Amanita bisporigera
361028.jpg,Amanita bisporigera
361029.jpg,Amanita bisporigera
361030.jpg,Amanita bisporigera
362336.jpg,Amanita bisporigera
362337.jpg,Amanita bisporigera
362338.jpg,Amanita bisporigera
362339.jpg,Amanita bisporigera
362340.jpg,Amanita bisporigera
362341.jpg,Amanita bisporigera
362342.jpg,Amanita bisporigera
362343.jpg,Amanita bisporigera
362344.jpg,Amanita bisporigera
362416.jpg,Amanita bisporigera
362417.jpg,Amanita bisporigera
362418.jpg,Amanita bisporigera
362419.jpg,Amanita bisporigera
362420.jpg,Amanita bisporigera
362421.jpg,Amanita bisporigera
362422.jpg,Amanita bisporigera
362423.jpg,Amanita bisporigera
362424.jpg,Amanita bisporigera
362425.jpg,Amanita bisporigera
362426.jpg,Amanita bisporigera
362427.jpg,Amanita bisporigera
362453.jpg,Amanita bisporigera
362454.jpg,Amanita bisporigera
362455.jpg,Amanita bisporigera
363110.jpg,Amanita bisporigera
363111.jpg,Amanita bisporigera
365588.jpg,Amanita bisporigera
369311.jpg,Amanita bisporigera
369312.jpg,Amanita bisporigera
369313.jpg,Amanita bisporigera
372308.jpg,Amanita bisporigera
373608.jpg,Amanita bisporigera
373609.jpg,Amanita bisporigera
376874.jpg,Amanita bisporigera
376875.jpg,Amanita bisporigera
376876.jpg,Amanita bisporigera
376894.jpg,Amanita bisporigera
376895.jpg,Amanita bisporigera
428516.jpg,Amanita bisporigera
428517.jpg,Amanita bisporigera
430213.jpg,Amanita bisporigera
431742.jpg,Amanita bisporigera
435665.jpg,Amanita bisporigera
435666.jpg,Amanita bisporigera
435667.jpg,Amanita bisporigera
435678.jpg,Amanita bisporigera
435679.jpg,Amanita bisporigera
435680.jpg,Amanita bisporigera
435681.jpg,Amanita bisporigera
436005.jpg,Amanita bisporigera
436006.jpg,Amanita bisporigera
436496.jpg,Amanita bisporigera
436497.jpg,Amanita bisporigera
436498.jpg,Amanita bisporigera
436499.jpg,Amanita bisporigera
438511.jpg,Amanita bisporigera
440418.jpg,Amanita bisporigera
440419.jpg,Amanita bisporigera
440420.jpg,Amanita bisporigera
440421.jpg,Amanita bisporigera
443932.jpg,Amanita bisporigera
443933.jpg,Amanita bisporigera
443934.jpg,Amanita bisporigera
444749.jpg,Amanita bisporigera
444750.jpg,Amanita bisporigera
444751.jpg,Amanita bisporigera
450361.jpg,Amanita bisporigera
450362.jpg,Amanita bisporigera
453373.jpg,Amanita bisporigera
458014.jpg,Amanita bisporigera
458015.jpg,Amanita bisporigera
458016.jpg,Amanita bisporigera
458017.jpg,Amanita bisporigera
459511.jpg,Amanita bisporigera
459512.jpg,Amanita bisporigera
459513.jpg,Amanita bisporigera
459514.jpg,Amanita bisporigera
459515.jpg,Amanita bisporigera
459520.jpg,Amanita bisporigera
459521.jpg,Amanita bisporigera
459522.jpg,Amanita bisporigera
459523.jpg,Amanita bisporigera
459524.jpg,Amanita bisporigera
459525.jpg,Amanita bisporigera
462457.jpg,Amanita bisporigera
462458.jpg,Amanita bisporigera
462459.jpg,Amanita bisporigera
463757.jpg,Amanita bisporigera
464435.jpg,Amanita bisporigera
464436.jpg,Amanita bisporigera
464437.jpg,Amanita bisporigera
473334.jpg,Amanita bisporigera
475696.jpg,Amanita bisporigera
475697.jpg,Amanita bisporigera
475698.jpg,Amanita bisporigera
485980.jpg,Amanita bisporigera
485981.jpg,Amanita bisporigera
485982.jpg,Amanita bisporigera
485983.jpg,Amanita bisporigera
490866.jpg,Amanita bisporigera
49104.jpg,Amanita bisporigera
49105.jpg,Amanita bisporigera
491983.jpg,Amanita bisporigera
49421.jpg,Amanita bisporigera
49805.jpg,Amanita bisporigera
49806.jpg,Amanita bisporigera
49807.jpg,Amanita bisporigera
50002.jpg,Amanita bisporigera
50065.jpg,Amanita bisporigera
50066.jpg,Amanita bisporigera
50067.jpg,Amanita bisporigera
50068.jpg,Amanita bisporigera
50236.jpg,Amanita bisporigera
50237.jpg,Amanita bisporigera
50238.jpg,Amanita bisporigera
50239.jpg,Amanita bisporigera
50240.jpg,Amanita bisporigera
50716.jpg,Amanita bisporigera
50717.jpg,Amanita bisporigera
50777.jpg,Amanita bisporigera
50778.jpg,Amanita bisporigera
50779.jpg,Amanita bisporigera
513385.jpg,Amanita bisporigera
513386.jpg,Amanita bisporigera
513387.jpg,Amanita bisporigera
51898.jpg,Amanita bisporigera
51902.jpg,Amanita bisporigera
51903.jpg,Amanita bisporigera
51904.jpg,Amanita bisporigera
51905.jpg,Amanita bisporigera
52445.jpg,Amanita bisporigera
52449.jpg,Amanita bisporigera
52450.jpg,Amanita bisporigera
52565.jpg,Amanita bisporigera
52566.jpg,Amanita bisporigera
53034.jpg,Amanita bisporigera
53035.jpg,Amanita bisporigera
53036.jpg,Amanita bisporigera
53037.jpg,Amanita bisporigera
53038.jpg,Amanita bisporigera
53039.jpg,Amanita bisporigera
53040.jpg,Amanita bisporigera
532026.jpg,Amanita bisporigera
532100.jpg,Amanita bisporigera
532101.jpg,Amanita bisporigera
532102.jpg,Amanita bisporigera
532103.jpg,Amanita bisporigera
532327.jpg,Amanita bisporigera
532328.jpg,Amanita bisporigera
532329.jpg,Amanita bisporigera
533696.jpg,Amanita bisporigera
534535.jpg,Amanita bisporigera
534804.jpg,Amanita bisporigera
535348.jpg,Amanita bisporigera
535349.jpg,Amanita bisporigera
536942.jpg,Amanita bisporigera
536943.jpg,Amanita bisporigera
536950.jpg,Amanita bisporigera
536970.jpg,Amanita bisporigera
537080.jpg,Amanita bisporigera
537082.jpg,Amanita bisporigera
537083.jpg,Amanita bisporigera
537286.jpg,Amanita bisporigera
537343.jpg,Amanita bisporigera
537516.jpg,Amanita bisporigera
537517.jpg,Amanita bisporigera
538643.jpg,Amanita bisporigera
539852.jpg,Amanita bisporigera
539853.jpg,Amanita bisporigera
540376.jpg,Amanita bisporigera
540378.jpg,Amanita bisporigera
540379.jpg,Amanita bisporigera
541009.jpg,Amanita bisporigera
541010.jpg,Amanita bisporigera
541011.jpg,Amanita bisporigera
541012.jpg,Amanita bisporigera
54133.jpg,Amanita bisporigera
54134.jpg,Amanita bisporigera
545855.jpg,Amanita bisporigera
545856.jpg,Amanita bisporigera
547608.jpg,Amanita bisporigera
547609.jpg,Amanita bisporigera
547610.jpg,Amanita bisporigera
547921.jpg,Amanita bisporigera
547922.jpg,Amanita bisporigera
547923.jpg,Amanita bisporigera
547924.jpg,Amanita bisporigera
547925.jpg,Amanita bisporigera
547926.jpg,Amanita bisporigera
54838.jpg,Amanita bisporigera
54839.jpg,Amanita bisporigera
54840.jpg,Amanita bisporigera
54841.jpg,Amanita bisporigera
54842.jpg,Amanita bisporigera
54843.jpg,Amanita bisporigera
548483.jpg,Amanita bisporigera
548484.jpg,Amanita bisporigera
548485.jpg,Amanita bisporigera
548486.jpg,Amanita bisporigera
548487.jpg,Amanita bisporigera
548488.jpg,Amanita bisporigera
548489.jpg,Amanita bisporigera
550142.jpg,Amanita bisporigera
550143.jpg,Amanita bisporigera
550282.jpg,Amanita bisporigera
55047.jpg,Amanita bisporigera
551430.jpg,Amanita bisporigera
551431.jpg,Amanita bisporigera
552984.jpg,Amanita bisporigera
553908.jpg,Amanita bisporigera
554011.jpg,Amanita bisporigera
554254.jpg,Amanita bisporigera
554256.jpg,Amanita bisporigera
554257.jpg,Amanita bisporigera
554258.jpg,Amanita bisporigera
55541.jpg,Amanita bisporigera
55542.jpg,Amanita bisporigera
55543.jpg,Amanita bisporigera
55544.jpg,Amanita bisporigera
55545.jpg,Amanita bisporigera
556722.jpg,Amanita bisporigera
556725.jpg,Amanita bisporigera
556726.jpg,Amanita bisporigera
556727.jpg,Amanita bisporigera
558134.jpg,Amanita bisporigera
558135.jpg,Amanita bisporigera
558136.jpg,Amanita bisporigera
55961.jpg,Amanita bisporigera
55962.jpg,Amanita bisporigera
55963.jpg,Amanita bisporigera
55964.jpg,Amanita bisporigera
559796.jpg,Amanita bisporigera
559797.jpg,Amanita bisporigera
559798.jpg,Amanita bisporigera
559799.jpg,Amanita bisporigera
56236.jpg,Amanita bisporigera
56237.jpg,Amanita bisporigera
575384.jpg,Amanita bisporigera
58022.jpg,Amanita bisporigera
58023.jpg,Amanita bisporigera
58024.jpg,Amanita bisporigera
58025.jpg,Amanita bisporigera
58030.jpg,Amanita bisporigera
58031.jpg,Amanita bisporigera
58032.jpg,Amanita bisporigera
58033.jpg,Amanita bisporigera
58045.jpg,Amanita bisporigera
58373.jpg,Amanita bisporigera
58374.jpg,Amanita bisporigera
58375.jpg,Amanita bisporigera
58440.jpg,Amanita bisporigera
58441.jpg,Amanita bisporigera
58442.jpg,Amanita bisporigera
59008.jpg,Amanita bisporigera
59009.jpg,Amanita bisporigera
59862.jpg,Amanita bisporigera
59863.jpg,Amanita bisporigera
59864.jpg,Amanita bisporigera
59865.jpg,Amanita bisporigera
62183.jpg,Amanita bisporigera
674.jpg,Amanita bisporigera
72044.jpg,Amanita bisporigera
75164.jpg,Amanita bisporigera
78518.jpg,Amanita bisporigera
89478.jpg,Amanita bisporigera
89585.jpg,Amanita bisporigera
89586.jpg,Amanita bisporigera
90462.jpg,Amanita bisporigera
90463.jpg,Amanita bisporigera
90501.jpg,Amanita bisporigera
90502.jpg,Amanita bisporigera
91003.jpg,Amanita bisporigera
91004.jpg,Amanita bisporigera
91006.jpg,Amanita bisporigera
91007.jpg,Amanita bisporigera
91848.jpg,Amanita bisporigera
91850.jpg,Amanita bisporigera
91852.jpg,Amanita bisporigera
92353.jpg,Amanita bisporigera
92471.jpg,Amanita bisporigera
92473.jpg,Amanita bisporigera
92474.jpg,Amanita bisporigera
92478.jpg,Amanita bisporigera
96410.jpg,Amanita bisporigera
96411.jpg,Amanita bisporigera
96412.jpg,Amanita bisporigera
96413.jpg,Amanita bisporigera
96414.jpg,Amanita bisporigera
96898.jpg,Amanita bisporigera
96899.jpg,Amanita bisporigera
97071.jpg,Amanita bisporigera
97072.jpg,Amanita bisporigera
97073.jpg,Amanita bisporigera
97387.jpg,Amanita bisporigera
97755.jpg,Amanita bisporigera
97756.jpg,Amanita bisporigera
98377.jpg,Amanita bisporigera
98378.jpg,Amanita bisporigera
98379.jpg,Amanita bisporigera
98380.jpg,Amanita bisporigera
100245.jpg,Amanita muscaria
100246.jpg,Amanita muscaria
106059.jpg,Amanita muscaria
106060.jpg,Amanita muscaria
106061.jpg,Amanita muscaria
106062.jpg,Amanita muscaria
110502.jpg,Amanita muscaria
110503.jpg,Amanita muscaria
110504.jpg,Amanita muscaria
110879.jpg,Amanita muscaria
110880.jpg,Amanita muscaria
110881.jpg,Amanita muscaria
110882.jpg,Amanita muscaria
110883.jpg,Amanita muscaria
112026.jpg,Amanita muscaria
112027.jpg,Amanita muscaria
118681.jpg,Amanita muscaria
118682.jpg,Amanita muscaria
119214.jpg,Amanita muscaria
121174.jpg,Amanita muscaria
121175.jpg,Amanita muscaria
121176.jpg,Amanita muscaria
121848.jpg,Amanita muscaria
122599.jpg,Amanita muscaria
126715.jpg,Amanita muscaria
14107.jpg,Amanita muscaria
14108.jpg,Amanita muscaria
14109.jpg,Amanita muscaria
14110.jpg,Amanita muscaria
14112.jpg,Amanita muscaria
14113.jpg,Amanita muscaria
14299.jpg,Amanita muscaria
14300.jpg,Amanita muscaria
14301.jpg,Amanita muscaria
14302.jpg,Amanita muscaria
14303.jpg,Amanita muscaria
145025.jpg,Amanita muscaria
145026.jpg,Amanita muscaria
145027.jpg,Amanita muscaria
145028.jpg,Amanita muscaria
145029.jpg,Amanita muscaria
145030.jpg,Amanita muscaria
145031.jpg,Amanita muscaria
145032.jpg,Amanita muscaria
163787.jpg,Amanita muscaria
163788.jpg,Amanita muscaria
180625.jpg,Amanita muscaria
180626.jpg,Amanita muscaria
180627.jpg,Amanita muscaria
180628.jpg,Amanita muscaria
181244.jpg,Amanita muscaria
215919.jpg,Amanita muscaria
215920.jpg,Amanita muscaria
216219.jpg,Amanita muscaria
218336.jpg,Amanita muscaria
218337.jpg,Amanita muscaria
218338.jpg,Amanita muscaria
218339.jpg,Amanita muscaria
221758.jpg,Amanita muscaria
221759.jpg,Amanita muscaria
22486.jpg,Amanita muscaria
22487.jpg,Amanita muscaria
245421.jpg,Amanita muscaria
251063.jpg,Amanita muscaria
251064.jpg,Amanita muscaria
25238.jpg,Amanita muscaria
255735.jpg,Amanita muscaria
255736.jpg,Amanita muscaria
255737.jpg,Amanita muscaria
255738.jpg,Amanita muscaria
255808.jpg,Amanita muscaria
255843.jpg,Amanita muscaria
258761.jpg,Amanita muscaria
262949.jpg,Amanita muscaria
262950.jpg,Amanita muscaria
269750.jpg,Amanita muscaria
269751.jpg,Amanita muscaria
271615.jpg,Amanita muscaria
278392.jpg,Amanita muscaria
278393.jpg,Amanita muscaria
278394.jpg,Amanita muscaria
278395.jpg,Amanita muscaria
279663.jpg,Amanita muscaria
279664.jpg,Amanita muscaria
279665.jpg,Amanita muscaria
279666.jpg,Amanita muscaria
279667.jpg,Amanita muscaria
279668.jpg,Amanita muscaria
279669.jpg,Amanita muscaria
279670.jpg,Amanita muscaria
289185.jpg,Amanita muscaria
289186.jpg,Amanita muscaria
289274.jpg,Amanita muscaria
299832.jpg,Amanita muscaria
299833.jpg,Amanita muscaria
311699.jpg,Amanita muscaria
311700.jpg,Amanita muscaria
311701.jpg,Amanita muscaria
311702.jpg,Amanita muscaria
311703.jpg,Amanita muscaria
311704.jpg,Amanita muscaria
324753.jpg,Amanita muscaria
324754.jpg,Amanita muscaria
324755.jpg,Amanita muscaria
324756.jpg,Amanita muscaria
324757.jpg,Amanita muscaria
335905.jpg,Amanita muscaria
335906.jpg,Amanita muscaria
335907.jpg,Amanita muscaria
335908.jpg,Amanita muscaria
335909.jpg,Amanita muscaria
337525.jpg,Amanita muscaria
337526.jpg,Amanita muscaria
337527.jpg,Amanita muscaria
337528.jpg,Amanita muscaria
337529.jpg,Amanita muscaria
337538.jpg,Amanita muscaria
337539.jpg,Amanita muscaria
338521.jpg,Amanita muscaria
338522.jpg,Amanita muscaria
338523.jpg,Amanita muscaria
341531.jpg,Amanita muscaria
35091.jpg,Amanita muscaria
358875.jpg,Amanita muscaria
365042.jpg,Amanita muscaria
369627.jpg,Amanita muscaria
371812.jpg,Amanita muscaria
371813.jpg,Amanita muscaria
371814.jpg,Amanita muscaria
371815.jpg,Amanita muscaria
371816.jpg,Amanita muscaria
371817.jpg,Amanita muscaria
371818.jpg,Amanita muscaria
371819.jpg,Amanita muscaria
371820.jpg,Amanita muscaria
371821.jpg,Amanita muscaria
371822.jpg,Amanita muscaria
371823.jpg,Amanita muscaria
37607.jpg,Amanita muscaria
380323.jpg,Amanita muscaria
380324.jpg,Amanita muscaria
385687.jpg,Amanita muscaria
385688.jpg,Amanita muscaria
385689.jpg,Amanita muscaria
385690.jpg,Amanita muscaria
388453.jpg,Amanita muscaria
388454.jpg,Amanita muscaria
391692.jpg,Amanita muscaria
391693.jpg,Amanita muscaria
391694.jpg,Amanita muscaria
393270.jpg,Amanita muscaria
39701.jpg,Amanita muscaria
39702.jpg,Amanita muscaria
39703.jpg,Amanita muscaria
39704.jpg,Amanita muscaria
39705.jpg,Amanita muscaria
39706.jpg,Amanita muscaria
39707.jpg,Amanita muscaria
39708.jpg,Amanita muscaria
400758.jpg,Amanita muscaria
400759.jpg,Amanita muscaria
400760.jpg,Amanita muscaria
400761.jpg,Amanita muscaria
400762.jpg,Amanita muscaria
402608.jpg,Amanita muscaria
40473.jpg,Amanita muscaria
40474.jpg,Amanita muscaria
40475.jpg,Amanita muscaria
40476.jpg,Amanita muscaria
40477.jpg,Amanita muscaria
40478.jpg,Amanita muscaria
40479.jpg,Amanita muscaria
40480.jpg,Amanita muscaria
415546.jpg,Amanita muscaria
416607.jpg,Amanita muscaria
416608.jpg,Amanita muscaria
420487.jpg,Amanita muscaria
421987.jpg,Amanita muscaria
421988.jpg,Amanita muscaria
421989.jpg,Amanita muscaria
421990.jpg,Amanita muscaria
421991.jpg,Amanita muscaria
421992.jpg,Amanita muscaria
421993.jpg,Amanita muscaria
421994.jpg,Amanita muscaria
421996.jpg,Amanita muscaria
421997.jpg,Amanita muscaria
421998.jpg,Amanita muscaria
423920.jpg,Amanita muscaria
423921.jpg,Amanita muscaria
423922.jpg,Amanita muscaria
423923.jpg,Amanita muscaria
43858.jpg,Amanita muscaria
44576.jpg,Amanita muscaria
44616.jpg,Amanita muscaria
44617.jpg,Amanita muscaria
448805.jpg,Amanita muscaria
449254.jpg,Amanita muscaria
449255.jpg,Amanita muscaria
449256.jpg,Amanita muscaria
449257.jpg,Amanita muscaria
450427.jpg,Amanita muscaria
450966.jpg,Amanita muscaria
451785.jpg,Amanita muscaria
452403.jpg,Amanita muscaria
459938.jpg,Amanita muscaria
459939.jpg,Amanita muscaria
463073.jpg,Amanita muscaria
468827.jpg,Amanita muscaria
468828.jpg,Amanita muscaria
468829.jpg,Amanita muscaria
468830.jpg,Amanita muscaria
468831.jpg,Amanita muscaria
470901.jpg,Amanita muscaria
471710.jpg,Amanita muscaria
471723.jpg,Amanita muscaria
472048.jpg,Amanita muscaria
472416.jpg,Amanita muscaria
473691.jpg,Amanita muscaria
473692.jpg,Amanita muscaria
474471.jpg,Amanita muscaria
474473.jpg,Amanita muscaria
474474.jpg,Amanita muscaria
474475.jpg,Amanita muscaria
474476.jpg,Amanita muscaria
474477.jpg,Amanita muscaria
474478.jpg,Amanita muscaria
474479.jpg,Amanita muscaria
474480.jpg,Amanita muscaria
474481.jpg,Amanita muscaria
474482.jpg,Amanita muscaria
474483.jpg,Amanita muscaria
474484.jpg,Amanita muscaria
474983.jpg,Amanita muscaria
474984.jpg,Amanita muscaria
477397.jpg,Amanita muscaria
477398.jpg,Amanita muscaria
477399.jpg,Amanita muscaria
478766.jpg,Amanita muscaria
478767.jpg,Amanita muscaria
478768.jpg,Amanita muscaria
480074.jpg,Amanita muscaria
480078.jpg,Amanita muscaria
480080.jpg,Amanita muscaria
480081.jpg,Amanita muscaria
480082.jpg,Amanita muscaria
482636.jpg,Amanita muscaria
482637.jpg,Amanita muscaria
482638.jpg,Amanita muscaria
482639.jpg,Amanita muscaria
482640.jpg,Amanita muscaria
482641.jpg,Amanita muscaria
482642.jpg,Amanita muscaria
482643.jpg,Amanita muscaria
482644.jpg,Amanita muscaria
482645.jpg,Amanita muscaria
482646.jpg,Amanita muscaria
482662.jpg,Amanita muscaria
487845.jpg,Amanita muscaria
489133.jpg,Amanita muscaria
490382.jpg,Amanita muscaria
490383.jpg,Amanita muscaria
490384.jpg,Amanita muscaria
490385.jpg,Amanita muscaria
490386.jpg,Amanita muscaria
490387.jpg,Amanita muscaria
490388.jpg,Amanita muscaria
490389.jpg,Amanita muscaria
490390.jpg,Amanita muscaria
490391.jpg,Amanita muscaria
490392.jpg,Amanita muscaria
495970.jpg,Amanita muscaria
495971.jpg,Amanita muscaria
495972.jpg,Amanita muscaria
495973.jpg,Amanita muscaria
495974.jpg,Amanita muscaria
499780.jpg,Amanita muscaria
499782.jpg,Amanita muscaria
499785.jpg,Amanita muscaria
499794.jpg,Amanita muscaria
513283.jpg,Amanita muscaria
517428.jpg,Amanita muscaria
517468.jpg,Amanita muscaria
517469.jpg,Amanita muscaria
518754.jpg,Amanita muscaria
521601.jpg,Amanita muscaria
521602.jpg,Amanita muscaria
556141.jpg,Amanita muscaria
563490.jpg,Amanita muscaria
563491.jpg,Amanita muscaria
568643.jpg,Amanita muscaria
568645.jpg,Amanita muscaria
568646.jpg,Amanita muscaria
57049.jpg,Amanita muscaria
57184.jpg,Amanita muscaria
572137.jpg,Amanita muscaria
572138.jpg,Amanita muscaria
572139.jpg,Amanita muscaria
572140.jpg,Amanita muscaria
572141.jpg,Amanita muscaria
57346.jpg,Amanita muscaria
573892.jpg,Amanita muscaria
57542.jpg,Amanita muscaria
57543.jpg,Amanita muscaria
57544.jpg,Amanita muscaria
57546.jpg,Amanita muscaria
58108.jpg,Amanita muscaria
58120.jpg,Amanita muscaria
585507.jpg,Amanita muscaria
585508.jpg,Amanita muscaria
585509.jpg,Amanita muscaria
585511.jpg,Amanita muscaria
585512.jpg,Amanita muscaria
585513.jpg,Amanita muscaria
585514.jpg,Amanita muscaria
585515.jpg,Amanita muscaria
62472.jpg,Amanita muscaria
62473.jpg,Amanita muscaria
62474.jpg,Amanita muscaria
62475.jpg,Amanita muscaria
62476.jpg,Amanita muscaria
62477.jpg,Amanita muscaria
62614.jpg,Amanita muscaria
62615.jpg,Amanita muscaria
62616.jpg,Amanita muscaria
62617.jpg,Amanita muscaria
62618.jpg,Amanita muscaria
62619.jpg,Amanita muscaria
62620.jpg,Amanita muscaria
62621.jpg,Amanita muscaria
62622.jpg,Amanita muscaria
69543.jpg,Amanita muscaria
69544.jpg,Amanita muscaria
71090.jpg,Amanita muscaria
71091.jpg,Amanita muscaria
71092.jpg,Amanita muscaria
71380.jpg,Amanita muscaria
72909.jpg,Amanita muscaria
72910.jpg,Amanita muscaria
72911.jpg,Amanita muscaria
72912.jpg,Amanita muscaria
72913.jpg,Amanita muscaria
72914.jpg,Amanita muscaria
72915.jpg,Amanita muscaria
72917.jpg,Amanita muscaria
72918.jpg,Amanita muscaria
72919.jpg,Amanita muscaria
72920.jpg,Amanita muscaria
72921.jpg,Amanita muscaria
72922.jpg,Amanita muscaria
72923.jpg,Amanita muscaria
72924.jpg,Amanita muscaria
72925.jpg,Amanita muscaria
72926.jpg,Amanita muscaria
7814.jpg,Amanita muscaria
7815.jpg,Amanita muscaria
7816.jpg,Amanita muscaria
7817.jpg,Amanita muscaria
79408.jpg,Amanita muscaria
79409.jpg,Amanita muscaria
79410.jpg,Amanita muscaria
79417.jpg,Amanita muscaria
81907.jpg,Amanita muscaria
84189.jpg,Amanita muscaria
84190.jpg,Amanita muscaria
84191.jpg,Amanita muscaria
84218.jpg,Amanita muscaria
100025.jpg,Boletus edulis
1009.jpg,Boletus edulis
101454.jpg,Boletus edulis
102050.jpg,Boletus edulis
102051.jpg,Boletus edulis
103311.jpg,Boletus edulis
107133.jpg,Boletus edulis
107134.jpg,Boletus edulis
107135.jpg,Boletus edulis
117398.jpg,Boletus edulis
117399.jpg,Boletus edulis
1235.jpg,Boletus edulis
126502.jpg,Boletus edulis
126503.jpg,Boletus edulis
134200.jpg,Boletus edulis
149480.jpg,Boletus edulis
150158.jpg,Boletus edulis
152905.jpg,Boletus edulis
153757.jpg,Boletus edulis
153758.jpg,Boletus edulis
153759.jpg,Boletus edulis
154169.jpg,Boletus edulis
154170.jpg,Boletus edulis
160523.jpg,Boletus edulis
163573.jpg,Boletus edulis
163574.jpg,Boletus edulis
164979.jpg,Boletus edulis
1655.jpg,Boletus edulis
166399.jpg,Boletus edulis
166400.jpg,Boletus edulis
166401.jpg,Boletus edulis
166402.jpg,Boletus edulis
166403.jpg,Boletus edulis
166478.jpg,Boletus edulis
166479.jpg,Boletus edulis
166480.jpg,Boletus edulis
166485.jpg,Boletus edulis
166497.jpg,Boletus edulis
167529.jpg,Boletus edulis
168739.jpg,Boletus edulis
168740.jpg,Boletus edulis
168741.jpg,Boletus edulis
168742.jpg,Boletus edulis
168743.jpg,Boletus edulis
16923.jpg,Boletus edulis
169741.jpg,Boletus edulis
169742.jpg,Boletus edulis
169846.jpg,Boletus edulis
169847.jpg,Boletus edulis
169903.jpg,Boletus edulis
169904.jpg,Boletus edulis
169905.jpg,Boletus edulis
169938.jpg,Boletus edulis
169939.jpg,Boletus edulis
169940.jpg,Boletus edulis
169941.jpg,Boletus edulis
169942.jpg,Boletus edulis
169943.jpg,Boletus edulis
170165.jpg,Boletus edulis
170166.jpg,Boletus edulis
1705.jpg,Boletus edulis
1706.jpg,Boletus edulis
17290.jpg,Boletus edulis
17497.jpg,Boletus edulis
17613.jpg,Boletus edulis
176292.jpg,Boletus edulis
176293.jpg,Boletus edulis
176294.jpg,Boletus edulis
176295.jpg,Boletus edulis
177479.jpg,Boletus edulis
178606.jpg,Boletus edulis
178648.jpg,Boletus edulis
178649.jpg,Boletus edulis
179510.jpg,Boletus edulis
18008.jpg,Boletus edulis
180822.jpg,Boletus edulis
182951.jpg,Boletus edulis
182952.jpg,Boletus edulis
18311.jpg,Boletus edulis
185593.jpg,Boletus edulis
1857.jpg,Boletus edulis
190031.jpg,Boletus edulis
190032.jpg,Boletus edulis
190033.jpg,Boletus edulis
191077.jpg,Boletus edulis
1969.jpg,Boletus edulis
1970.jpg,Boletus edulis
203326.jpg,Boletus edulis
203327.jpg,Boletus edulis
20701.jpg,Boletus edulis
20702.jpg,Boletus edulis
21065.jpg,Boletus edulis
21066.jpg,Boletus edulis
21067.jpg,Boletus edulis
21068.jpg,Boletus edulis
2108.jpg,Boletus edulis
2109.jpg,Boletus edulis
23702.jpg,Boletus edulis
23703.jpg,Boletus edulis
23704.jpg,Boletus edulis
23705.jpg,Boletus edulis
23709.jpg,Boletus edulis
23710.jpg,Boletus edulis
23711.jpg,Boletus edulis
244826.jpg,Boletus edulis
244827.jpg,Boletus edulis
244828.jpg,Boletus edulis
244831.jpg,Boletus edulis
244832.jpg,Boletus edulis
244833.jpg,Boletus edulis
244911.jpg,Boletus edulis
244912.jpg,Boletus edulis
244913.jpg,Boletus edulis
252574.jpg,Boletus edulis
252575.jpg,Boletus edulis
255252.jpg,Boletus edulis
255253.jpg,Boletus edulis
255254.jpg,Boletus edulis
255255.jpg,Boletus edulis
255256.jpg,Boletus edulis
25638.jpg,Boletus edulis
25639.jpg,Boletus edulis
25640.jpg,Boletus edulis
25641.jpg,Boletus edulis
25642.jpg,Boletus edulis
2608.jpg,Boletus edulis
261907.jpg,Boletus edulis
261908.jpg,Boletus edulis
264915.jpg,Boletus edulis
264916.jpg,Boletus edulis
264917.jpg,Boletus edulis
264918.jpg,Boletus edulis
269416.jpg,Boletus edulis
270289.jpg,Boletus edulis
270290.jpg,Boletus edulis
270291.jpg,Boletus edulis
271611.jpg,Boletus edulis
271612.jpg,Boletus edulis
271613.jpg,Boletus edulis
271614.jpg,Boletus edulis
274644.jpg,Boletus edulis
274645.jpg,Boletus edulis
275761.jpg,Boletus edulis
275762.jpg,Boletus edulis
275822.jpg,Boletus edulis
277824.jpg,Boletus edulis
27977.jpg,Boletus edulis
279910.jpg,Boletus edulis
279911.jpg,Boletus edulis
279912.jpg,Boletus edulis
279913.jpg,Boletus edulis
279914.jpg,Boletus edulis
279915.jpg,Boletus edulis
279916.jpg,Boletus edulis
279917.jpg,Boletus edulis
279918.jpg,Boletus edulis
279919.jpg,Boletus edulis
279920.jpg,Boletus edulis
279921.jpg,Boletus edulis
279922.jpg,Boletus edulis
279923.jpg,Boletus edulis
279924.jpg,Boletus edulis
279925.jpg,Boletus edulis
279926.jpg,Boletus edulis
279927.jpg,Boletus edulis
279928.jpg,Boletus edulis
279929.jpg,Boletus edulis
279931.jpg,Boletus edulis
279932.jpg,Boletus edulis
279933.jpg,Boletus edulis
279934.jpg,Boletus edulis
279935.jpg,Boletus edulis
279936.jpg,Boletus edulis
279937.jpg,Boletus edulis
279938.jpg,Boletus edulis
279939.jpg,Boletus edulis
279940.jpg,Boletus edulis
283977.jpg,Boletus edulis
284296.jpg,Boletus edulis
284297.jpg,Boletus edulis
284298.jpg,Boletus edulis
284585.jpg,Boletus edulis
284981.jpg,Boletus edulis
284982.jpg,Boletus edulis
291568.jpg,Boletus edulis
291569.jpg,Boletus edulis
298470.jpg,Boletus edulis
298471.jpg,Boletus edulis
298472.jpg,Boletus edulis
300959.jpg,Boletus edulis
300960.jpg,Boletus edulis
302261.jpg,Boletus edulis
30482.jpg,Boletus edulis
30483.jpg,Boletus edulis
30484.jpg,Boletus edulis
30485.jpg,Boletus edulis
313399.jpg,Boletus edulis
313400.jpg,Boletus edulis
317136.jpg,Boletus edulis
317137.jpg,Boletus edulis
317138.jpg,Boletus edulis
317294.jpg,Boletus edulis
317295.jpg,Boletus edulis
317296.jpg,Boletus edulis
317297.jpg,Boletus edulis
317298.jpg,Boletus edulis
318171.jpg,Boletus edulis
318172.jpg,Boletus edulis
318173.jpg,Boletus edulis
318174.jpg,Boletus edulis
318175.jpg,Boletus edulis
318176.jpg,Boletus edulis
318177.jpg,Boletus edulis
318178.jpg,Boletus edulis
319372.jpg,Boletus edulis
319373.jpg,Boletus edulis
326246.jpg,Boletus edulis
326247.jpg,Boletus edulis
347931.jpg,Boletus edulis
347932.jpg,Boletus edulis
347933.jpg,Boletus edulis
347934.jpg,Boletus edulis
347937.jpg,Boletus edulis
347938.jpg,Boletus edulis
347939.jpg,Boletus edulis
347940.jpg,Boletus edulis
348493.jpg,Boletus edulis
348494.jpg,Boletus edulis
35098.jpg,Boletus edulis
352640.jpg,Boletus edulis
356168.jpg,Boletus edulis
35775.jpg,Boletus edulis
361564.jpg,Boletus edulis
361565.jpg,Boletus edulis
361566.jpg,Boletus edulis
361567.jpg,Boletus edulis
361568.jpg,Boletus edulis
361569.jpg,Boletus edulis
361570.jpg,Boletus edulis
361571.jpg,Boletus edulis
361572.jpg,Boletus edulis
361573.jpg,Boletus edulis
361629.jpg,Boletus edulis
361630.jpg,Boletus edulis
362531.jpg,Boletus edulis
362891.jpg,Boletus edulis
364185.jpg,Boletus edulis
364186.jpg,Boletus edulis
364187.jpg,Boletus edulis
365448.jpg,Boletus edulis
365449.jpg,Boletus edulis
365450.jpg,Boletus edulis
365451.jpg,Boletus edulis
365454.jpg,Boletus edulis
365455.jpg,Boletus edulis
365457.jpg,Boletus edulis
365458.jpg,Boletus edulis
368982.jpg,Boletus edulis
368983.jpg,Boletus edulis
369330.jpg,Boletus edulis
369331.jpg,Boletus edulis
369542.jpg,Boletus edulis
369799.jpg,Boletus edulis
373685.jpg,Boletus edulis
376646.jpg,Boletus edulis
376647.jpg,Boletus edulis
376648.jpg,Boletus edulis
376649.jpg,Boletus edulis
376650.jpg,Boletus edulis
377742.jpg,Boletus edulis
377743.jpg,Boletus edulis
377744.jpg,Boletus edulis
377745.jpg,Boletus edulis
378345.jpg,Boletus edulis
378346.jpg,Boletus edulis
378656.jpg,Boletus edulis
378664.jpg,Boletus edulis
379151.jpg,Boletus edulis
379152.jpg,Boletus edulis
379153.jpg,Boletus edulis
38025.jpg,Boletus edulis
380423.jpg,Boletus edulis
38044.jpg,Boletus edulis
38045.jpg,Boletus edulis
38871.jpg,Boletus edulis
38872.jpg,Boletus edulis
38873.jpg,Boletus edulis
38874.jpg,Boletus edulis
415162.jpg,Boletus edulis
415163.jpg,Boletus edulis
415823.jpg,Boletus edulis
416195.jpg,Boletus edulis
426876.jpg,Boletus edulis
436338.jpg,Boletus edulis
436339.jpg,Boletus edulis
436340.jpg,Boletus edulis
436341.jpg,Boletus edulis
436342.jpg,Boletus edulis
440272.jpg,Boletus edulis
450586.jpg,Boletus edulis
452354.jpg,Boletus edulis
452965.jpg,Boletus edulis
452966.jpg,Boletus edulis
453114.jpg,Boletus edulis
453423.jpg,Boletus edulis
456473.jpg,Boletus edulis
456474.jpg,Boletus edulis
457983.jpg,Boletus edulis
457984.jpg,Boletus edulis
45866.jpg,Boletus edulis
45867.jpg,Boletus edulis
45868.jpg,Boletus edulis
465347.jpg,Boletus edulis
465878.jpg,Boletus edulis
468962.jpg,Boletus edulis
468964.jpg,Boletus edulis
469467.jpg,Boletus edulis
471728.jpg,Boletus edulis
471729.jpg,Boletus edulis
472431.jpg,Boletus edulis
472730.jpg,Boletus edulis
472731.jpg,Boletus edulis
472732.jpg,Boletus edulis
472733.jpg,Boletus edulis
472734.jpg,Boletus edulis
472735.jpg,Boletus edulis
472736.jpg,Boletus edulis
472737.jpg,Boletus edulis
472738.jpg,Boletus edulis
472739.jpg,Boletus edulis
472740.jpg,Boletus edulis
472741.jpg,Boletus edulis
472742.jpg,Boletus edulis
477373.jpg,Boletus edulis
477374.jpg,Boletus edulis
477375.jpg,Boletus edulis
479314.jpg,Boletus edulis
479708.jpg,Boletus edulis
485901.jpg,Boletus edulis
492650.jpg,Boletus edulis
492652.jpg,Boletus edulis
492654.jpg,Boletus edulis
4940.jpg,Boletus edulis
4941.jpg,Boletus edulis
4942.jpg,Boletus edulis
4943.jpg,Boletus edulis
4949.jpg,Boletus edulis
4950.jpg,Boletus edulis
4951.jpg,Boletus edulis
497134.jpg,Boletus edulis
497135.jpg,Boletus edulis
497136.jpg,Boletus edulis
497192.jpg,Boletus edulis
497193.jpg,Boletus edulis
497194.jpg,Boletus edulis
497195.jpg,Boletus edulis
50073.jpg,Boletus edulis
50074.jpg,Boletus edulis
503646.jpg,Boletus edulis
503647.jpg,Boletus edulis
503654.jpg,Boletus edulis
503655.jpg,Boletus edulis
503656.jpg,Boletus edulis
503657.jpg,Boletus edulis
503658.jpg,Boletus edulis
503659.jpg,Boletus edulis
503660.jpg,Boletus edulis
50397.jpg,Boletus edulis
50398.jpg,Boletus edulis
50399.jpg,Boletus edulis
50400.jpg,Boletus edulis
50401.jpg,Boletus edulis
512439.jpg,Boletus edulis
513092.jpg,Boletus edulis
515951.jpg,Boletus edulis
517472.jpg,Boletus edulis
517577.jpg,Boletus edulis
518437.jpg,Boletus edulis
518438.jpg,Boletus edulis
518439.jpg,Boletus edulis
518440.jpg,Boletus edulis
518441.jpg,Boletus edulis
518442.jpg,Boletus edulis
518443.jpg,Boletus edulis
518444.jpg,Boletus edulis
525778.jpg,Boletus edulis
525779.jpg,Boletus edulis
525780.jpg,Boletus edulis
525781.jpg,Boletus edulis
547476.jpg,Boletus edulis
56285.jpg,Boletus edulis
56286.jpg,Boletus edulis
56343.jpg,Boletus edulis
56344.jpg,Boletus edulis
57062.jpg,Boletus edulis
576.jpg,Boletus edulis
577.jpg,Boletus edulis
57721.jpg,Boletus edulis
578.jpg,Boletus edulis
581.jpg,Boletus edulis
59471.jpg,Boletus edulis
59472.jpg,Boletus edulis
61676.jpg,Boletus edulis
61677.jpg,Boletus edulis
64003.jpg,Boletus edulis
65758.jpg,Boletus edulis
65759.jpg,Boletus edulis
6868.jpg,Boletus edulis
6878.jpg,Boletus edulis
6879.jpg,Boletus edulis
71356.jpg,Boletus edulis
71786.jpg,Boletus edulis
71878.jpg,Boletus edulis
71879.jpg,Boletus edulis
7204.jpg,Boletus edulis
72432.jpg,Boletus edulis
72433.jpg,Boletus edulis
75481.jpg,Boletus edulis
77303.jpg,Boletus edulis
7802.jpg,Boletus edulis
7803.jpg,Boletus edulis
7804.jpg,Boletus edulis
83057.jpg,Boletus edulis
832.jpg,Boletus edulis
833.jpg,Boletus edulis
8368.jpg,Boletus edulis
8369.jpg,Boletus edulis
8370.jpg,Boletus edulis
88539.jpg,Boletus edulis
88540.jpg,Boletus edulis
8856.jpg,Boletus edulis
89328.jpg,Boletus edulis
90637.jpg,Boletus edulis
9262.jpg,Boletus edulis
928.jpg,Boletus edulis
929.jpg,Boletus edulis
93775.jpg,Boletus edulis
93776.jpg,Boletus edulis
93777.jpg,Boletus edulis
98893.jpg,Boletus edulis
98894.jpg,Boletus edulis
98950.jpg,Boletus edulis
98951.jpg,Boletus edulis
99278.jpg,Boletus edulis
101348.jpg,Cantharellus
101349.jpg,Cantharellus
102468.jpg,Cantharellus
103562.jpg,Cantharellus
105577.jpg,Cantharellus
10826.jpg,Cantharellus
108636.jpg,Cantharellus
108637.jpg,Cantharellus
108638.jpg,Cantharellus
110226.jpg,Cantharellus
110227.jpg,Cantharellus
110388.jpg,Cantharellus
111680.jpg,Cantharellus
111681.jpg,Cantharellus
111682.jpg,Cantharellus
111683.jpg,Cantharellus
111684.jpg,Cantharellus
111685.jpg,Cantharellus
111686.jpg,Cantharellus
111687.jpg,Cantharellus
111688.jpg,Cantharellus
111689.jpg,Cantharellus
111690.jpg,Cantharellus
111691.jpg,Cantharellus
111692.jpg,Cantharellus
111693.jpg,Cantharellus
111694.jpg,Cantharellus
111695.jpg,Cantharellus
111696.jpg,Cantharellus
111697.jpg,Cantharellus
113329.jpg,Cantharellus
113330.jpg,Cantharellus
114263.jpg,Cantharellus
114264.jpg,Cantharellus
115164.jpg,Cantharellus
115165.jpg,Cantharellus
115166.jpg,Cantharellus
115167.jpg,Cantharellus
115168.jpg,Cantharellus
115286.jpg,Cantharellus
115287.jpg,Cantharellus
116441.jpg,Cantharellus
118129.jpg,Cantharellus
118130.jpg,Cantharellus
118131.jpg,Cantharellus
121798.jpg,Cantharellus
121799.jpg,Cantharellus
121800.jpg,Cantharellus
121801.jpg,Cantharellus
121802.jpg,Cantharellus
121803.jpg,Cantharellus
121804.jpg,Cantharellus
123285.jpg,Cantharellus
123286.jpg,Cantharellus
126610.jpg,Cantharellus
126611.jpg,Cantharellus
131899.jpg,Cantharellus
131900.jpg,Cantharellus
138690.jpg,Cantharellus
138691.jpg,Cantharellus
13935.jpg,Cantharellus
139749.jpg,Cantharellus
139797.jpg,Cantharellus
139798.jpg,Cantharellus
139799.jpg,Cantharellus
14616.jpg,Cantharellus
150986.jpg,Cantharellus
15132.jpg,Cantharellus
15133.jpg,Cantharellus
15134.jpg,Cantharellus
153245.jpg,Cantharellus
154821.jpg,Cantharellus
154822.jpg,Cantharellus
155398.jpg,Cantharellus
155399.jpg,Cantharellus
155400.jpg,Cantharellus
155401.jpg,Cantharellus
156325.jpg,Cantharellus
156326.jpg,Cantharellus
156327.jpg,Cantharellus
156328.jpg,Cantharellus
156329.jpg,Cantharellus
158144.jpg,Cantharellus
159249.jpg,Cantharellus
159250.jpg,Cantharellus
159251.jpg,Cantharellus
161123.jpg,Cantharellus
161124.jpg,Cantharellus
161158.jpg,Cantharellus
161186.jpg,Cantharellus
161187.jpg,Cantharellus
161188.jpg,Cantharellus
161987.jpg,Cantharellus
163600.jpg,Cantharellus
164051.jpg,Cantharellus
164052.jpg,Cantharellus
164053.jpg,Cantharellus
164054.jpg,Cantharellus
164115.jpg,Cantharellus
164116.jpg,Cantharellus
164124.jpg,Cantharellus
164125.jpg,Cantharellus
164182.jpg,Cantharellus
166035.jpg,Cantharellus
16674.jpg,Cantharellus
16675.jpg,Cantharellus
16676.jpg,Cantharellus
16976.jpg,Cantharellus
16977.jpg,Cantharellus
1707.jpg,Cantharellus
171519.jpg,Cantharellus
171520.jpg,Cantharellus
173057.jpg,Cantharellus
173058.jpg,Cantharellus
174484.jpg,Cantharellus
174485.jpg,Cantharellus
174486.jpg,Cantharellus
174924.jpg,Cantharellus
176021.jpg,Cantharellus
176022.jpg,Cantharellus
176023.jpg,Cantharellus
176024.jpg,Cantharellus
176025.jpg,Cantharellus
176026.jpg,Cantharellus
176027.jpg,Cantharellus
177562.jpg,Cantharellus
177563.jpg,Cantharellus
177564.jpg,Cantharellus
177565.jpg,Cantharellus
179372.jpg,Cantharellus
179373.jpg,Cantharellus
179572.jpg,Cantharellus
179573.jpg,Cantharellus
179574.jpg,Cantharellus
181555.jpg,Cantharellus
181556.jpg,Cantharellus
181557.jpg,Cantharellus
18378.jpg,Cantharellus
18379.jpg,Cantharellus
18380.jpg,Cantharellus
190777.jpg,Cantharellus
193633.jpg,Cantharellus
193634.jpg,Cantharellus
193635.jpg,Cantharellus
198287.jpg,Cantharellus
198288.jpg,Cantharellus
198289.jpg,Cantharellus
198855.jpg,Cantharellus
198856.jpg,Cantharellus
198857.jpg,Cantharellus
198858.jpg,Cantharellus
198859.jpg,Cantharellus
198860.jpg,Cantharellus
198861.jpg,Cantharellus
199335.jpg,Cantharellus
199336.jpg,Cantharellus
19949.jpg,Cantharellus
19953.jpg,Cantharellus
19954.jpg,Cantharellus
19955.jpg,Cantharellus
19956.jpg,Cantharellus
19957.jpg,Cantharellus
19958.jpg,Cantharellus
19959.jpg,Cantharellus
19960.jpg,Cantharellus
19961.jpg,Cantharellus
19962.jpg,Cantharellus
19963.jpg,Cantharellus
19964.jpg,Cantharellus
19965.jpg,Cantharellus
19966.jpg,Cantharellus
19967.jpg,Cantharellus
19968.jpg,Cantharellus
19969.jpg,Cantharellus
19970.jpg,Cantharellus
19971.jpg,Cantharellus
19972.jpg,Cantharellus
19994.jpg,Cantharellus
19995.jpg,Cantharellus
19996.jpg,Cantharellus
19997.jpg,Cantharellus
20006.jpg,Cantharellus
201316.jpg,Cantharellus
20141.jpg,Cantharellus
20142.jpg,Cantharellus
20143.jpg,Cantharellus
20326.jpg,Cantharellus
204477.jpg,Cantharellus
20553.jpg,Cantharellus
20554.jpg,Cantharellus
20572.jpg,Cantharellus
205791.jpg,Cantharellus
205792.jpg,Cantharellus
205793.jpg,Cantharellus
205794.jpg,Cantharellus
20827.jpg,Cantharellus
20828.jpg,Cantharellus
212760.jpg,Cantharellus
212761.jpg,Cantharellus
212762.jpg,Cantharellus
212763.jpg,Cantharellus
218934.jpg,Cantharellus
218935.jpg,Cantharellus
218936.jpg,Cantharellus
218937.jpg,Cantharellus
218938.jpg,Cantharellus
220810.jpg,Cantharellus
223526.jpg,Cantharellus
223561.jpg,Cantharellus
223562.jpg,Cantharellus
22454.jpg,Cantharellus
227048.jpg,Cantharellus
228626.jpg,Cantharellus
228627.jpg,Cantharellus
228674.jpg,Cantharellus
229022.jpg,Cantharellus
229023.jpg,Cantharellus
229024.jpg,Cantharellus
230256.jpg,Cantharellus
231034.jpg,Cantharellus
231035.jpg,Cantharellus
231036.jpg,Cantharellus
231037.jpg,Cantharellus
235001.jpg,Cantharellus
236018.jpg,Cantharellus
236019.jpg,Cantharellus
237528.jpg,Cantharellus
237529.jpg,Cantharellus
238177.jpg,Cantharellus
238178.jpg,Cantharellus
241374.jpg,Cantharellus
241375.jpg,Cantharellus
243290.jpg,Cantharellus
243308.jpg,Cantharellus
243309.jpg,Cantharellus
243310.jpg,Cantharellus
24430.jpg,Cantharellus
24431.jpg,Cantharellus
24432.jpg,Cantharellus
24433.jpg,Cantharellus
248366.jpg,Cantharellus
248367.jpg,Cantharellus
249857.jpg,Cantharellus
249858.jpg,Cantharellus
249859.jpg,Cantharellus
249860.jpg,Cantharellus
249993.jpg,Cantharellus
250737.jpg,Cantharellus
251126.jpg,Cantharellus
252021.jpg,Cantharellus
252022.jpg,Cantharellus
252023.jpg,Cantharellus
252040.jpg,Cantharellus
252041.jpg,Cantharellus
254422.jpg,Cantharellus
255045.jpg,Cantharellus
255046.jpg,Cantharellus
255891.jpg,Cantharellus
259610.jpg,Cantharellus
259611.jpg,Cantharellus
259612.jpg,Cantharellus
259633.jpg,Cantharellus
259634.jpg,Cantharellus
259635.jpg,Cantharellus
2610.jpg,Cantharellus
262992.jpg,Cantharellus
263212.jpg,Cantharellus
263213.jpg,Cantharellus
269780.jpg,Cantharellus
269781.jpg,Cantharellus
269782.jpg,Cantharellus
270805.jpg,Cantharellus
270806.jpg,Cantharellus
270807.jpg,Cantharellus
271153.jpg,Cantharellus
271154.jpg,Cantharellus
271358.jpg,Cantharellus
271359.jpg,Cantharellus
275620.jpg,Cantharellus
275621.jpg,Cantharellus
275622.jpg,Cantharellus
275623.jpg,Cantharellus
277893.jpg,Cantharellus
277894.jpg,Cantharellus
277931.jpg,Cantharellus
279905.jpg,Cantharellus
288114.jpg,Cantharellus
288115.jpg,Cantharellus
288116.jpg,Cantharellus
288302.jpg,Cantharellus
288303.jpg,Cantharellus
298988.jpg,Cantharellus
298989.jpg,Cantharellus
298990.jpg,Cantharellus
298991.jpg,Cantharellus
298992.jpg,Cantharellus
307500.jpg,Cantharellus
307501.jpg,Cantharellus
307502.jpg,Cantharellus
307506.jpg,Cantharellus
307592.jpg,Cantharellus
307593.jpg,Cantharellus
307594.jpg,Cantharellus
308358.jpg,Cantharellus
308372.jpg,Cantharellus
308373.jpg,Cantharellus
308374.jpg,Cantharellus
308375.jpg,Cantharellus
308376.jpg,Cantharellus
309037.jpg,Cantharellus
309038.jpg,Cantharellus
309039.jpg,Cantharellus
309040.jpg,Cantharellus
311610.jpg,Cantharellus
311771.jpg,Cantharellus
311772.jpg,Cantharellus
311773.jpg,Cantharellus
311774.jpg,Cantharellus
3133.jpg,Cantharellus
3134.jpg,Cantharellus
319429.jpg,Cantharellus
319434.jpg,Cantharellus
330626.jpg,Cantharellus
330642.jpg,Cantharellus
335000.jpg,Cantharellus
335001.jpg,Cantharellus
335002.jpg,Cantharellus
335003.jpg,Cantharellus
335710.jpg,Cantharellus
336057.jpg,Cantharellus
336309.jpg,Cantharellus
336310.jpg,Cantharellus
336311.jpg,Cantharellus
336312.jpg,Cantharellus
336699.jpg,Cantharellus
336700.jpg,Cantharellus
337826.jpg,Cantharellus
337827.jpg,Cantharellus
337828.jpg,Cantharellus
337829.jpg,Cantharellus
337830.jpg,Cantharellus
337831.jpg,Cantharellus
337832.jpg,Cantharellus
337833.jpg,Cantharellus
337836.jpg,Cantharellus
337891.jpg,Cantharellus
338188.jpg,Cantharellus
338189.jpg,Cantharellus
338315.jpg,Cantharellus
338316.jpg,Cantharellus
338317.jpg,Cantharellus
338318.jpg,Cantharellus
338360.jpg,Cantharellus
338736.jpg,Cantharellus
338737.jpg,Cantharellus
338738.jpg,Cantharellus
338754.jpg,Cantharellus
338755.jpg,Cantharellus
338775.jpg,Cantharellus
338776.jpg,Cantharellus
338777.jpg,Cantharellus
338778.jpg,Cantharellus
338779.jpg,Cantharellus
339011.jpg,Cantharellus
339012.jpg,Cantharellus
339013.jpg,Cantharellus
339014.jpg,Cantharellus
339015.jpg,Cantharellus
339016.jpg,Cantharellus
339165.jpg,Cantharellus
339166.jpg,Cantharellus
339167.jpg,Cantharellus
339186.jpg,Cantharellus
339194.jpg,Cantharellus
339632.jpg,Cantharellus
340657.jpg,Cantharellus
340658.jpg,Cantharellus
340667.jpg,Cantharellus
341614.jpg,Cantharellus
341615.jpg,Cantharellus
341616.jpg,Cantharellus
341802.jpg,Cantharellus
341803.jpg,Cantharellus
342551.jpg,Cantharellus
342553.jpg,Cantharellus
342556.jpg,Cantharellus
342557.jpg,Cantharellus
342574.jpg,Cantharellus
342791.jpg,Cantharellus
342792.jpg,Cantharellus
342793.jpg,Cantharellus
343056.jpg,Cantharellus
343103.jpg,Cantharellus
343104.jpg,Cantharellus
343889.jpg,Cantharellus
343890.jpg,Cantharellus
343891.jpg,Cantharellus
343892.jpg,Cantharellus
343893.jpg,Cantharellus
344279.jpg,Cantharellus
344367.jpg,Cantharellus
344368.jpg,Cantharellus
344373.jpg,Cantharellus
344382.jpg,Cantharellus
344657.jpg,Cantharellus
344818.jpg,Cantharellus
344819.jpg,Cantharellus
344840.jpg,Cantharellus
344841.jpg,Cantharellus
344842.jpg,Cantharellus
344843.jpg,Cantharellus
344844.jpg,Cantharellus
344845.jpg,Cantharellus
344846.jpg,Cantharellus
344847.jpg,Cantharellus
344933.jpg,Cantharellus
344934.jpg,Cantharellus
344935.jpg,Cantharellus
344936.jpg,Cantharellus
344937.jpg,Cantharellus
344938.jpg,Cantharellus
344969.jpg,Cantharellus
345055.jpg,Cantharellus
345056.jpg,Cantharellus
345057.jpg,Cantharellus
345058.jpg,Cantharellus
345059.jpg,Cantharellus
345060.jpg,Cantharellus
345061.jpg,Cantharellus
345299.jpg,Cantharellus
345300.jpg,Cantharellus
345301.jpg,Cantharellus
345302.jpg,Cantharellus
345924.jpg,Cantharellus
345943.jpg,Cantharellus
346202.jpg,Cantharellus
346203.jpg,Cantharellus
346204.jpg,Cantharellus
346856.jpg,Cantharellus
346907.jpg,Cantharellus
347304.jpg,Cantharellus
347375.jpg,Cantharellus
347376.jpg,Cantharellus
347377.jpg,Cantharellus
347474.jpg,Cantharellus
347810.jpg,Cantharellus
347811.jpg,Cantharellus
347812.jpg,Cantharellus
347920.jpg,Cantharellus
347921.jpg,Cantharellus
347956.jpg,Cantharellus
348312.jpg,Cantharellus
348313.jpg,Cantharellus
348314.jpg,Cantharellus
348567.jpg,Cantharellus
348641.jpg,Cantharellus
348642.jpg,Cantharellus
348643.jpg,Cantharellus
348644.jpg,Cantharellus
348645.jpg,Cantharellus
348802.jpg,Cantharellus
348803.jpg,Cantharellus
349350.jpg,Cantharellus
349351.jpg,Cantharellus
349352.jpg,Cantharellus
349739.jpg,Cantharellus
349740.jpg,Cantharellus
349741.jpg,Cantharellus
349742.jpg,Cantharellus
349743.jpg,Cantharellus
350315.jpg,Cantharellus
351073.jpg,Cantharellus
351246.jpg,Cantharellus
351364.jpg,Cantharellus
351365.jpg,Cantharellus
351367.jpg,Cantharellus
351368.jpg,Cantharellus
351370.jpg,Cantharellus
351484.jpg,Cantharellus
351507.jpg,Cantharellus
351616.jpg,Cantharellus
351617.jpg,Cantharellus
351618.jpg,Cantharellus
352050.jpg,Cantharellus
352051.jpg,Cantharellus
352306.jpg,Cantharellus
352307.jpg,Cantharellus
352308.jpg,Cantharellus
352309.jpg,Cantharellus
352310.jpg,Cantharellus
352338.jpg,Cantharellus
352339.jpg,Cantharellus
352340.jpg,Cantharellus
352852.jpg,Cantharellus
352853.jpg,Cantharellus
352854.jpg,Cantharellus
352855.jpg,Cantharellus
353034.jpg,Cantharellus
353035.jpg,Cantharellus
353072.jpg,Cantharellus
353073.jpg,Cantharellus
353074.jpg,Cantharellus
353075.jpg,Cantharellus
353076.jpg,Cantharellus
353077.jpg,Cantharellus
353078.jpg,Cantharellus
353267.jpg,Cantharellus
353268.jpg,Cantharellus
353270.jpg,Cantharellus
353271.jpg,Cantharellus
353700.jpg,Cantharellus
353701.jpg,Cantharellus
353702.jpg,Cantharellus
353703.jpg,Cantharellus
353710.jpg,Cantharellus
354175.jpg,Cantharellus
354486.jpg,Cantharellus
354487.jpg,Cantharellus
354488.jpg,Cantharellus
355257.jpg,Cantharellus
355258.jpg,Cantharellus
355259.jpg,Cantharellus
355968.jpg,Cantharellus
355969.jpg,Cantharellus
356444.jpg,Cantharellus
356445.jpg,Cantharellus
356446.jpg,Cantharellus
356574.jpg,Cantharellus
356575.jpg,Cantharellus
356576.jpg,Cantharellus
356577.jpg,Cantharellus
356578.jpg,Cantharellus
356579.jpg,Cantharellus
357579.jpg,Cantharellus
357580.jpg,Cantharellus
357581.jpg,Cantharellus
35787.jpg,Cantharellus
358093.jpg,Cantharellus
358094.jpg,Cantharellus
358095.jpg,Cantharellus
3589.jpg,Cantharellus
359646.jpg,Cantharellus
359647.jpg,Cantharellus
361134.jpg,Cantharellus
361135.jpg,Cantharellus
361136.jpg,Cantharellus
361397.jpg,Cantharellus
361398.jpg,Cantharellus
361399.jpg,Cantharellus
361400.jpg,Cantharellus
361401.jpg,Cantharellus
361402.jpg,Cantharellus
361403.jpg,Cantharellus
361404.jpg,Cantharellus
361441.jpg,Cantharellus
361908.jpg,Cantharellus
361909.jpg,Cantharellus
361918.jpg,Cantharellus
361919.jpg,Cantharellus
362925.jpg,Cantharellus
363035.jpg,Cantharellus
363622.jpg,Cantharellus
363623.jpg,Cantharellus
363624.jpg,Cantharellus
363625.jpg,Cantharellus
363626.jpg,Cantharellus
363627.jpg,Cantharellus
363631.jpg,Cantharellus
363666.jpg,Cantharellus
363667.jpg,Cantharellus
364213.jpg,Cantharellus
364409.jpg,Cantharellus
364410.jpg,Cantharellus
364411.jpg,Cantharellus
364412.jpg,Cantharellus
364413.jpg,Cantharellus
364414.jpg,Cantharellus
364415.jpg,Cantharellus
364478.jpg,Cantharellus
364479.jpg,Cantharellus
365677.jpg,Cantharellus
365678.jpg,Cantharellus
365809.jpg,Cantharellus
365810.jpg,Cantharellus
367316.jpg,Cantharellus
367317.jpg,Cantharellus
367318.jpg,Cantharellus
368228.jpg,Cantharellus
368984.jpg,Cantharellus
368985.jpg,Cantharellus
369285.jpg,Cantharellus
369286.jpg,Cantharellus
369287.jpg,Cantharellus
371304.jpg,Cantharellus
371305.jpg,Cantharellus
373759.jpg,Cantharellus
378648.jpg,Cantharellus
378649.jpg,Cantharellus
378811.jpg,Cantharellus
378812.jpg,Cantharellus
378813.jpg,Cantharellus
378823.jpg,Cantharellus
378824.jpg,Cantharellus
383280.jpg,Cantharellus
388497.jpg,Cantharellus
388498.jpg,Cantharellus
388499.jpg,Cantharellus
388660.jpg,Cantharellus
388661.jpg,Cantharellus
388662.jpg,Cantharellus
388663.jpg,Cantharellus
388664.jpg,Cantharellus
388665.jpg,Cantharellus
388666.jpg,Cantharellus
388667.jpg,Cantharellus
388668.jpg,Cantharellus
388669.jpg,Cantharellus
393028.jpg,Cantharellus
395590.jpg,Cantharellus
395591.jpg,Cantharellus
395592.jpg,Cantharellus
395593.jpg,Cantharellus
395594.jpg,Cantharellus
395632.jpg,Cantharellus
395633.jpg,Cantharellus
395634.jpg,Cantharellus
395635.jpg,Cantharellus
395636.jpg,Cantharellus
395637.jpg,Cantharellus
395638.jpg,Cantharellus
399282.jpg,Cantharellus
399283.jpg,Cantharellus
399340.jpg,Cantharellus
399341.jpg,Cantharellus
399342.jpg,Cantharellus
399343.jpg,Cantharellus
399504.jpg,Cantharellus
399505.jpg,Cantharellus
399506.jpg,Cantharellus
399564.jpg,Cantharellus
399565.jpg,Cantharellus
401936.jpg,Cantharellus
404287.jpg,Cantharellus
404288.jpg,Cantharellus
412040.jpg,Cantharellus
412041.jpg,Cantharellus
412042.jpg,Cantharellus
413204.jpg,Cantharellus
413205.jpg,Cantharellus
414798.jpg,Cantharellus
414799.jpg,Cantharellus
414800.jpg,Cantharellus
414801.jpg,Cantharellus
414940.jpg,Cantharellus
414941.jpg,Cantharellus
414942.jpg,Cantharellus
414943.jpg,Cantharellus
415193.jpg,Cantharellus
415194.jpg,Cantharellus
424424.jpg,Cantharellus
424425.jpg,Cantharellus
425140.jpg,Cantharellus
425141.jpg,Cantharellus
426533.jpg,Cantharellus
426534.jpg,Cantharellus
426535.jpg,Cantharellus
426536.jpg,Cantharellus
426943.jpg,Cantharellus
427705.jpg,Cantharellus
427706.jpg,Cantharellus
427707.jpg,Cantharellus
429966.jpg,Cantharellus
429967.jpg,Cantharellus
429968.jpg,Cantharellus
430485.jpg,Cantharellus
430486.jpg,Cantharellus
430487.jpg,Cantharellus
430628.jpg,Cantharellus
430629.jpg,Cantharellus
430630.jpg,Cantharellus
431178.jpg,Cantharellus
431179.jpg,Cantharellus
431203.jpg,Cantharellus
431205.jpg,Cantharellus
432706.jpg,Cantharellus
432707.jpg,Cantharellus
433400.jpg,Cantharellus
433401.jpg,Cantharellus
433657.jpg,Cantharellus
433658.jpg,Cantharellus
433659.jpg,Cantharellus
433660.jpg,Cantharellus
433661.jpg,Cantharellus
433743.jpg,Cantharellus
433744.jpg,Cantharellus
435156.jpg,Cantharellus
435157.jpg,Cantharellus
435454.jpg,Cantharellus
436738.jpg,Cantharellus
436739.jpg,Cantharellus
436740.jpg,Cantharellus
436795.jpg,Cantharellus
436796.jpg,Cantharellus
436914.jpg,Cantharellus
436915.jpg,Cantharellus
436916.jpg,Cantharellus
436917.jpg,Cantharellus
436918.jpg,Cantharellus
438046.jpg,Cantharellus
438047.jpg,Cantharellus
438668.jpg,Cantharellus
438672.jpg,Cantharellus
439551.jpg,Cantharellus
439593.jpg,Cantharellus
439594.jpg,Cantharellus
440344.jpg,Cantharellus
440345.jpg,Cantharellus
440796.jpg,Cantharellus
440797.jpg,Cantharellus
440798.jpg,Cantharellus
440799.jpg,Cantharellus
440800.jpg,Cantharellus
441349.jpg,Cantharellus
441350.jpg,Cantharellus
441351.jpg,Cantharellus
441352.jpg,Cantharellus
441353.jpg,Cantharellus
441354.jpg,Cantharellus
441362.jpg,Cantharellus
441363.jpg,Cantharellus
441558.jpg,Cantharellus
441559.jpg,Cantharellus
441560.jpg,Cantharellus
441561.jpg,Cantharellus
441562.jpg,Cantharellus
441563.jpg,Cantharellus
441885.jpg,Cantharellus
441887.jpg,Cantharellus
441888.jpg,Cantharellus
442307.jpg,Cantharellus
444599.jpg,Cantharellus
445672.jpg,Cantharellus
446604.jpg,Cantharellus
446605.jpg,Cantharellus
446606.jpg,Cantharellus
446607.jpg,Cantharellus
446608.jpg,Cantharellus
446996.jpg,Cantharellus
446997.jpg,Cantharellus
447090.jpg,Cantharellus
447091.jpg,Cantharellus
447971.jpg,Cantharellus
447972.jpg,Cantharellus
448328.jpg,Cantharellus
451375.jpg,Cantharellus
451376.jpg,Cantharellus
451377.jpg,Cantharellus
451388.jpg,Cantharellus
451389.jpg,Cantharellus
454959.jpg,Cantharellus
454960.jpg,Cantharellus
455979.jpg,Cantharellus
455980.jpg,Cantharellus
459234.jpg,Cantharellus
459620.jpg,Cantharellus
459621.jpg,Cantharellus
459622.jpg,Cantharellus
459623.jpg,Cantharellus
459624.jpg,Cantharellus
459625.jpg,Cantharellus
459626.jpg,Cantharellus
462046.jpg,Cantharellus
462047.jpg,Cantharellus
462048.jpg,Cantharellus
462049.jpg,Cantharellus
462050.jpg,Cantharellus
462926.jpg,Cantharellus
462927.jpg,Cantharellus
462928.jpg,Cantharellus
464375.jpg,Cantharellus
464376.jpg,Cantharellus
464455.jpg,Cantharellus
469943.jpg,Cantharellus
469944.jpg,Cantharellus
469945.jpg,Cantharellus
469946.jpg,Cantharellus
469947.jpg,Cantharellus
469948.jpg,Cantharellus
469949.jpg,Cantharellus
470079.jpg,Cantharellus
470080.jpg,Cantharellus
470081.jpg,Cantharellus
470083.jpg,Cantharellus
470084.jpg,Cantharellus
470250.jpg,Cantharellus
470251.jpg,Cantharellus
470252.jpg,Cantharellus
470396.jpg,Cantharellus
470397.jpg,Cantharellus
470398.jpg,Cantharellus
470399.jpg,Cantharellus
470400.jpg,Cantharellus
470927.jpg,Cantharellus
470928.jpg,Cantharellus
471284.jpg,Cantharellus
471287.jpg,Cantharellus
471288.jpg,Cantharellus
471289.jpg,Cantharellus
471299.jpg,Cantharellus
471300.jpg,Cantharellus
471301.jpg,Cantharellus
471347.jpg,Cantharellus
471348.jpg,Cantharellus
471349.jpg,Cantharellus
471619.jpg,Cantharellus
475018.jpg,Cantharellus
475019.jpg,Cantharellus
478061.jpg,Cantharellus
479412.jpg,Cantharellus
479413.jpg,Cantharellus
481828.jpg,Cantharellus
486380.jpg,Cantharellus
48783.jpg,Cantharellus
48784.jpg,Cantharellus
48810.jpg,Cantharellus
489023.jpg,Cantharellus
489024.jpg,Cantharellus
489135.jpg,Cantharellus
490825.jpg,Cantharellus
490826.jpg,Cantharellus
490827.jpg,Cantharellus
49113.jpg,Cantharellus
49114.jpg,Cantharellus
49178.jpg,Cantharellus
49199.jpg,Cantharellus
49200.jpg,Cantharellus
49305.jpg,Cantharellus
49306.jpg,Cantharellus
49307.jpg,Cantharellus
49308.jpg,Cantharellus
49309.jpg,Cantharellus
49312.jpg,Cantharellus
49313.jpg,Cantharellus
49314.jpg,Cantharellus
493243.jpg,Cantharellus
493244.jpg,Cantharellus
49426.jpg,Cantharellus
49427.jpg,Cantharellus
496702.jpg,Cantharellus
496703.jpg,Cantharellus
496704.jpg,Cantharellus
497413.jpg,Cantharellus
497414.jpg,Cantharellus
497415.jpg,Cantharellus
497416.jpg,Cantharellus
497417.jpg,Cantharellus
49771.jpg,Cantharellus
49772.jpg,Cantharellus
49980.jpg,Cantharellus
49981.jpg,Cantharellus
49982.jpg,Cantharellus
49983.jpg,Cantharellus
49984.jpg,Cantharellus
49988.jpg,Cantharellus
49989.jpg,Cantharellus
49990.jpg,Cantharellus
501306.jpg,Cantharellus
501307.jpg,Cantharellus
501308.jpg,Cantharellus
501309.jpg,Cantharellus
501310.jpg,Cantharellus
501311.jpg,Cantharellus
501312.jpg,Cantharellus
501736.jpg,Cantharellus
501737.jpg,Cantharellus
501738.jpg,Cantharellus
507046.jpg,Cantharellus
507047.jpg,Cantharellus
507048.jpg,Cantharellus
507316.jpg,Cantharellus
507317.jpg,Cantharellus
507318.jpg,Cantharellus
507319.jpg,Cantharellus
50961.jpg,Cantharellus
50962.jpg,Cantharellus
51076.jpg,Cantharellus
51080.jpg,Cantharellus
51081.jpg,Cantharellus
51082.jpg,Cantharellus
51083.jpg,Cantharellus
510846.jpg,Cantharellus
510847.jpg,Cantharellus
510848.jpg,Cantharellus
510849.jpg,Cantharellus
510850.jpg,Cantharellus
510851.jpg,Cantharellus
510852.jpg,Cantharellus
510853.jpg,Cantharellus
510854.jpg,Cantharellus
510855.jpg,Cantharellus
510856.jpg,Cantharellus
517927.jpg,Cantharellus
517928.jpg,Cantharellus
517929.jpg,Cantharellus
517930.jpg,Cantharellus
518301.jpg,Cantharellus
52019.jpg,Cantharellus
52020.jpg,Cantharellus
52021.jpg,Cantharellus
52022.jpg,Cantharellus
52122.jpg,Cantharellus
52123.jpg,Cantharellus
522289.jpg,Cantharellus
522290.jpg,Cantharellus
523878.jpg,Cantharellus
523879.jpg,Cantharellus
523880.jpg,Cantharellus
523881.jpg,Cantharellus
523882.jpg,Cantharellus
523883.jpg,Cantharellus
523884.jpg,Cantharellus
523885.jpg,Cantharellus
524294.jpg,Cantharellus
524703.jpg,Cantharellus
524704.jpg,Cantharellus
524705.jpg,Cantharellus
524706.jpg,Cantharellus
526301.jpg,Cantharellus
526302.jpg,Cantharellus
526303.jpg,Cantharellus
526530.jpg,Cantharellus
526531.jpg,Cantharellus
526532.jpg,Cantharellus
52796.jpg,Cantharellus
52797.jpg,Cantharellus
52798.jpg,Cantharellus
52800.jpg,Cantharellus
52801.jpg,Cantharellus
52802.jpg,Cantharellus
52803.jpg,Cantharellus
52804.jpg,Cantharellus
530190.jpg,Cantharellus
530191.jpg,Cantharellus
530192.jpg,Cantharellus
530914.jpg,Cantharellus
530915.jpg,Cantharellus
530916.jpg,Cantharellus
530917.jpg,Cantharellus
530918.jpg,Cantharellus
530919.jpg,Cantharellus
530921.jpg,Cantharellus
530992.jpg,Cantharellus
530993.jpg,Cantharellus
530994.jpg,Cantharellus
531178.jpg,Cantharellus
531282.jpg,Cantharellus
531283.jpg,Cantharellus
531284.jpg,Cantharellus
531285.jpg,Cantharellus
531286.jpg,Cantharellus
533719.jpg,Cantharellus
534129.jpg,Cantharellus
534130.jpg,Cantharellus
534131.jpg,Cantharellus
534556.jpg,Cantharellus
534557.jpg,Cantharellus
534595.jpg,Cantharellus
534597.jpg,Cantharellus
534604.jpg,Cantharellus
534960.jpg,Cantharellus
534961.jpg,Cantharellus
53528.jpg,Cantharellus
53529.jpg,Cantharellus
53530.jpg,Cantharellus
536496.jpg,Cantharellus
536497.jpg,Cantharellus
536680.jpg,Cantharellus
536681.jpg,Cantharellus
536682.jpg,Cantharellus
536710.jpg,Cantharellus
537042.jpg,Cantharellus
537044.jpg,Cantharellus
537046.jpg,Cantharellus
537047.jpg,Cantharellus
538619.jpg,Cantharellus
538620.jpg,Cantharellus
538639.jpg,Cantharellus
538640.jpg,Cantharellus
539329.jpg,Cantharellus
539330.jpg,Cantharellus
539331.jpg,Cantharellus
540332.jpg,Cantharellus
540333.jpg,Cantharellus
540334.jpg,Cantharellus
540335.jpg,Cantharellus
540336.jpg,Cantharellus
541353.jpg,Cantharellus
54149.jpg,Cantharellus
54185.jpg,Cantharellus
541986.jpg,Cantharellus
541995.jpg,Cantharellus
541996.jpg,Cantharellus
541998.jpg,Cantharellus
542585.jpg,Cantharellus
542586.jpg,Cantharellus
542587.jpg,Cantharellus
542588.jpg,Cantharellus
543937.jpg,Cantharellus
543938.jpg,Cantharellus
543939.jpg,Cantharellus
543940.jpg,Cantharellus
544284.jpg,Cantharellus
544287.jpg,Cantharellus
544288.jpg,Cantharellus
545078.jpg,Cantharellus
545079.jpg,Cantharellus
545080.jpg,Cantharellus
545081.jpg,Cantharellus
546310.jpg,Cantharellus
546311.jpg,Cantharellus
546599.jpg,Cantharellus
546600.jpg,Cantharellus
546753.jpg,Cantharellus
546754.jpg,Cantharellus
546756.jpg,Cantharellus
546757.jpg,Cantharellus
54725.jpg,Cantharellus
54726.jpg,Cantharellus
547462.jpg,Cantharellus
547463.jpg,Cantharellus
547464.jpg,Cantharellus
547513.jpg,Cantharellus
547514.jpg,Cantharellus
547515.jpg,Cantharellus
547580.jpg,Cantharellus
547581.jpg,Cantharellus
547582.jpg,Cantharellus
547583.jpg,Cantharellus
548341.jpg,Cantharellus
548342.jpg,Cantharellus
548343.jpg,Cantharellus
548739.jpg,Cantharellus
548740.jpg,Cantharellus
54966.jpg,Cantharellus
550012.jpg,Cantharellus
550155.jpg,Cantharellus
550156.jpg,Cantharellus
55102.jpg,Cantharellus
55159.jpg,Cantharellus
55160.jpg,Cantharellus
55161.jpg,Cantharellus
55162.jpg,Cantharellus
55163.jpg,Cantharellus
55164.jpg,Cantharellus
553261.jpg,Cantharellus
55347.jpg,Cantharellus
55371.jpg,Cantharellus
553759.jpg,Cantharellus
553760.jpg,Cantharellus
554061.jpg,Cantharellus
554062.jpg,Cantharellus
554063.jpg,Cantharellus
554064.jpg,Cantharellus
554065.jpg,Cantharellus
554111.jpg,Cantharellus
55489.jpg,Cantharellus
55490.jpg,Cantharellus
555207.jpg,Cantharellus
55754.jpg,Cantharellus
55755.jpg,Cantharellus
55756.jpg,Cantharellus
55765.jpg,Cantharellus
55766.jpg,Cantharellus
557806.jpg,Cantharellus
557807.jpg,Cantharellus
557808.jpg,Cantharellus
559601.jpg,Cantharellus
559602.jpg,Cantharellus
559603.jpg,Cantharellus
559604.jpg,Cantharellus
559605.jpg,Cantharellus
562160.jpg,Cantharellus
562161.jpg,Cantharellus
562163.jpg,Cantharellus
574321.jpg,Cantharellus
574322.jpg,Cantharellus
574413.jpg,Cantharellus
57819.jpg,Cantharellus
57820.jpg,Cantharellus
578326.jpg,Cantharellus
578327.jpg,Cantharellus
578328.jpg,Cantharellus
58054.jpg,Cantharellus
583214.jpg,Cantharellus
585128.jpg,Cantharellus
585129.jpg,Cantharellus
585130.jpg,Cantharellus
587046.jpg,Cantharellus
587047.jpg,Cantharellus
587048.jpg,Cantharellus
587049.jpg,Cantharellus
587053.jpg,Cantharellus
587055.jpg,Cantharellus
59438.jpg,Cantharellus
59439.jpg,Cantharellus
6506.jpg,Cantharellus
6507.jpg,Cantharellus
67880.jpg,Cantharellus
67881.jpg,Cantharellus
67882.jpg,Cantharellus
6986.jpg,Cantharellus
7032.jpg,Cantharellus
7033.jpg,Cantharellus
7034.jpg,Cantharellus
7035.jpg,Cantharellus
7036.jpg,Cantharellus
70949.jpg,Cantharellus
70950.jpg,Cantharellus
71542.jpg,Cantharellus
72387.jpg,Cantharellus
78511.jpg,Cantharellus
78582.jpg,Cantharellus
84031.jpg,Cantharellus
8744.jpg,Cantharellus
87749.jpg,Cantharellus
8857.jpg,Cantharellus
8858.jpg,Cantharellus
8859.jpg,Cantharellus
89378.jpg,Cantharellus
89379.jpg,Cantharellus
89485.jpg,Cantharellus
89486.jpg,Cantharellus
90487.jpg,Cantharellus
90488.jpg,Cantharellus
90489.jpg,Cantharellus
91285.jpg,Cantharellus
92443.jpg,Cantharellus
92512.jpg,Cantharellus
92513.jpg,Cantharellus
92514.jpg,Cantharellus
92831.jpg,Cantharellus
92832.jpg,Cantharellus
93498.jpg,Cantharellus
93499.jpg,Cantharellus
94019.jpg,Cantharellus
94020.jpg,Cantharellus
94021.jpg,Cantharellus
94022.jpg,Cantharellus
94023.jpg,Cantharellus
94116.jpg,Cantharellus
94117.jpg,Cantharellus
94118.jpg,Cantharellus
94119.jpg,Cantharellus
94120.jpg,Cantharellus
95108.jpg,Cantharellus
95109.jpg,Cantharellus
95110.jpg,Cantharellus
95111.jpg,Cantharellus
95120.jpg,Cantharellus
95121.jpg,Cantharellus
95122.jpg,Cantharellus
95123.jpg,Cantharellus
95134.jpg,Cantharellus
95135.jpg,Cantharellus
95136.jpg,Cantharellus
95137.jpg,Cantharellus
95138.jpg,Cantharellus
95139.jpg,Cantharellus
95140.jpg,Cantharellus
95141.jpg,Cantharellus
962.jpg,Cantharellus
96858.jpg,Cantharellus
96944.jpg,Cantharellus
96945.jpg,Cantharellus
97918.jpg,Cantharellus
97919.jpg,Cantharellus
97998.jpg,Cantharellus
98015.jpg,Cantharellus
98362.jpg,Cantharellus
98414.jpg,Cantharellus
98781.jpg,Cantharellus
98782.jpg,Cantharellus
101470.jpg,Russula mariae
101471.jpg,Russula mariae
115279.jpg,Russula mariae
129902.jpg,Russula mariae
156353.jpg,Russula mariae
156354.jpg,Russula mariae
156363.jpg,Russula mariae
156397.jpg,Russula mariae
156398.jpg,Russula mariae
156399.jpg,Russula mariae
156400.jpg,Russula mariae
156401.jpg,Russula mariae
156526.jpg,Russula mariae
156527.jpg,Russula mariae
158333.jpg,Russula mariae
158334.jpg,Russula mariae
158335.jpg,Russula mariae
165854.jpg,Russula mariae
174098.jpg,Russula mariae
174099.jpg,Russula mariae
179318.jpg,Russula mariae
179319.jpg,Russula mariae
18152.jpg,Russula mariae
186741.jpg,Russula mariae
186742.jpg,Russula mariae
190801.jpg,Russula mariae
190802.jpg,Russula mariae
20000.jpg,Russula mariae
20001.jpg,Russula mariae
20002.jpg,Russula mariae
20003.jpg,Russula mariae
20004.jpg,Russula mariae
20005.jpg,Russula mariae
230823.jpg,Russula mariae
230824.jpg,Russula mariae
240051.jpg,Russula mariae
240052.jpg,Russula mariae
240053.jpg,Russula mariae
245164.jpg,Russula mariae
245165.jpg,Russula mariae
246673.jpg,Russula mariae
246674.jpg,Russula mariae
248278.jpg,Russula mariae
248279.jpg,Russula mariae
250249.jpg,Russula mariae
250250.jpg,Russula mariae
250251.jpg,Russula mariae
251521.jpg,Russula mariae
251522.jpg,Russula mariae
251524.jpg,Russula mariae
253976.jpg,Russula mariae
253977.jpg,Russula mariae
253978.jpg,Russula mariae
254461.jpg,Russula mariae
254462.jpg,Russula mariae
254565.jpg,Russula mariae
254996.jpg,Russula mariae
254997.jpg,Russula mariae
254998.jpg,Russula mariae
254999.jpg,Russula mariae
255895.jpg,Russula mariae
262341.jpg,Russula mariae
263836.jpg,Russula mariae
263837.jpg,Russula mariae
263838.jpg,Russula mariae
263839.jpg,Russula mariae
263840.jpg,Russula mariae
278819.jpg,Russula mariae
278820.jpg,Russula mariae
297749.jpg,Russula mariae
297750.jpg,Russula mariae
297751.jpg,Russula mariae
306890.jpg,Russula mariae
306891.jpg,Russula mariae
327798.jpg,Russula mariae
327799.jpg,Russula mariae
327800.jpg,Russula mariae
327801.jpg,Russula mariae
335173.jpg,Russula mariae
335174.jpg,Russula mariae
335175.jpg,Russula mariae
335176.jpg,Russula mariae
335177.jpg,Russula mariae
337756.jpg,Russula mariae
337757.jpg,Russula mariae
338491.jpg,Russula mariae
338492.jpg,Russula mariae
338497.jpg,Russula mariae
338498.jpg,Russula mariae
339499.jpg,Russula mariae
339500.jpg,Russula mariae
339501.jpg,Russula mariae
339878.jpg,Russula mariae
339879.jpg,Russula mariae
339880.jpg,Russula mariae
343755.jpg,Russula mariae
343756.jpg,Russula mariae
343757.jpg,Russula mariae
343758.jpg,Russula mariae
343759.jpg,Russula mariae
347813.jpg,Russula mariae
347814.jpg,Russula mariae
348380.jpg,Russula mariae
348381.jpg,Russula mariae
348551.jpg,Russula mariae
349817.jpg,Russula mariae
349818.jpg,Russula mariae
350635.jpg,Russula mariae
350636.jpg,Russula mariae
350637.jpg,Russula mariae
353567.jpg,Russula mariae
353568.jpg,Russula mariae
353569.jpg,Russula mariae
353570.jpg,Russula mariae
353571.jpg,Russula mariae
354150.jpg,Russula mariae
355766.jpg,Russula mariae
355767.jpg,Russula mariae
359949.jpg,Russula mariae
359951.jpg,Russula mariae
362024.jpg,Russula mariae
362025.jpg,Russula mariae
364475.jpg,Russula mariae
364476.jpg,Russula mariae
364477.jpg,Russula mariae
366341.jpg,Russula mariae
366342.jpg,Russula mariae
367099.jpg,Russula mariae
367100.jpg,Russula mariae
367101.jpg,Russula mariae
367484.jpg,Russula mariae
367485.jpg,Russula mariae
389676.jpg,Russula mariae
389677.jpg,Russula mariae
396649.jpg,Russula mariae
396650.jpg,Russula mariae
396654.jpg,Russula mariae
422908.jpg,Russula mariae
431006.jpg,Russula mariae
431007.jpg,Russula mariae
431008.jpg,Russula mariae
431009.jpg,Russula mariae
432226.jpg,Russula mariae
432227.jpg,Russula mariae
432834.jpg,Russula mariae
432835.jpg,Russula mariae
433731.jpg,Russula mariae
433732.jpg,Russula mariae
439899.jpg,Russula mariae
439900.jpg,Russula mariae
439901.jpg,Russula mariae
440895.jpg,Russula mariae
440896.jpg,Russula mariae
440897.jpg,Russula mariae
440898.jpg,Russula mariae
440899.jpg,Russula mariae
440900.jpg,Russula mariae
440901.jpg,Russula mariae
440902.jpg,Russula mariae
440903.jpg,Russula mariae
443398.jpg,Russula mariae
443399.jpg,Russula mariae
443400.jpg,Russula mariae
443401.jpg,Russula mariae
447863.jpg,Russula mariae
447864.jpg,Russula mariae
447865.jpg,Russula mariae
450746.jpg,Russula mariae
450747.jpg,Russula mariae
450748.jpg,Russula mariae
450914.jpg,Russula mariae
450982.jpg,Russula mariae
450983.jpg,Russula mariae
450984.jpg,Russula mariae
46209.jpg,Russula mariae
46210.jpg,Russula mariae
46211.jpg,Russula mariae
46212.jpg,Russula mariae
47313.jpg,Russula mariae
47314.jpg,Russula mariae
47315.jpg,Russula mariae
498822.jpg,Russula mariae
522345.jpg,Russula mariae
522346.jpg,Russula mariae
534045.jpg,Russula mariae
534047.jpg,Russula mariae
53680.jpg,Russula mariae
53681.jpg,Russula mariae
53682.jpg,Russula mariae
536908.jpg,Russula mariae
53739.jpg,Russula mariae
537448.jpg,Russula mariae
537672.jpg,Russula mariae
537673.jpg,Russula mariae
537743.jpg,Russula mariae
537744.jpg,Russula mariae
537745.jpg,Russula mariae
537747.jpg,Russula mariae
542043.jpg,Russula mariae
542044.jpg,Russula mariae
542045.jpg,Russula mariae
553219.jpg,Russula mariae
553220.jpg,Russula mariae
553221.jpg,Russula mariae
554766.jpg,Russula mariae
554767.jpg,Russula mariae
555167.jpg,Russula mariae
555168.jpg,Russula mariae
555169.jpg,Russula mariae
565481.jpg,Russula mariae
565482.jpg,Russula mariae
566575.jpg,Russula mariae
573734.jpg,Russula mariae
573735.jpg,Russula mariae
576136.jpg,Russula mariae
576137.jpg,Russula mariae
576138.jpg,Russula mariae
578612.jpg,Russula mariae
80615.jpg,Russula mariae
80618.jpg,Russula mariae
86120.jpg,Russula mariae
86121.jpg,Russula mariae
86122.jpg,Russula mariae
86123.jpg,Russula mariae
86384.jpg,Russula mariae
86604.jpg,Russula mariae
86605.jpg,Russula mariae
92722.jpg,Russula mariae
92723.jpg,Russula mariae
92885.jpg,Russula mariae
92886.jpg,Russula mariae
92887.jpg,Russula mariae
93278.jpg,Russula mariae
95950.jpg,Russula mariae
95951.jpg,Russula mariae
Amanita_muscaria10.png,Amanita muscaria
Amanita_muscaria12.png,Amanita muscaria
Amanita_muscaria13.png,Amanita muscaria
Amanita_muscaria15.png,Amanita muscaria
Amanita_muscaria17.png,Amanita muscaria
Amanita_muscaria18.png,Amanita muscaria
Amanita_muscaria2.png,Amanita muscaria
Amanita_muscaria20.png,Amanita muscaria
Amanita_muscaria22.png,Amanita muscaria
Amanita_muscaria23.png,Amanita muscaria
Amanita_muscaria25.png,Amanita muscaria
Amanita_muscaria28.png,Amanita muscaria
Amanita_muscaria3.png,Amanita muscaria
Amanita_muscaria30.png,Amanita muscaria
Amanita_muscaria31.png,Amanita muscaria
Amanita_muscaria32.png,Amanita muscaria
Amanita_muscaria33.png,Amanita muscaria
Amanita_muscaria34.png,Amanita muscaria
Amanita_muscaria35.png,Amanita muscaria
Amanita_muscaria37.png,Amanita muscaria
Amanita_muscaria38.png,Amanita muscaria
Amanita_muscaria39.png,Amanita muscaria
Amanita_muscaria4.png,Amanita muscaria
Amanita_muscaria40.png,Amanita muscaria
Amanita_muscaria41.png,Amanita muscaria
Amanita_muscaria43.png,Amanita muscaria
Amanita_muscaria44.png,Amanita muscaria
Amanita_muscaria49.png,Amanita muscaria
Amanita_muscaria5.png,Amanita muscaria
Amanita_muscaria51.png,Amanita muscaria
Amanita_muscaria52.png,Amanita muscaria
Amanita_muscaria53.png,Amanita muscaria
Amanita_muscaria54.png,Amanita muscaria
Amanita_muscaria57.png,Amanita muscaria
Amanita_muscaria58.png,Amanita muscaria
Amanita_muscaria59.png,Amanita muscaria
Amanita_muscaria6.png,Amanita muscaria
Amanita_muscaria60.png,Amanita muscaria
Amanita_muscaria61.png,Amanita muscaria
Amanita_muscaria62.png,Amanita muscaria
Amanita_muscaria63.png,Amanita muscaria
Amanita_muscaria64.png,Amanita muscaria
Amanita_muscaria65.png,Amanita muscaria
Amanita_muscaria66.png,Amanita muscaria
Amanita_muscaria67.png,Amanita muscaria
Amanita_muscaria68.png,Amanita muscaria
Amanita_muscaria69.png,Amanita muscaria
Amanita_muscaria7.png,Amanita muscaria
Amanita_muscaria70.png,Amanita muscaria
Amanita_muscaria71.png,Amanita muscaria
Amanita_muscaria8.png,Amanita muscaria
Amanita_bisporigera0.png,Amanita bisporigera
Amanita_bisporigera1.png,Amanita bisporigera
Amanita_bisporigera10.png,Amanita bisporigera
Amanita_bisporigera11.png,Amanita bisporigera
Amanita_bisporigera12.png,Amanita bisporigera
Amanita_bisporigera13.png,Amanita bisporigera
Amanita_bisporigera14.png,Amanita bisporigera
Amanita_bisporigera15.png,Amanita bisporigera
Amanita_bisporigera16.png,Amanita bisporigera
Amanita_bisporigera17.png,Amanita bisporigera
Amanita_bisporigera18.png,Amanita bisporigera
Amanita_bisporigera19.png,Amanita bisporigera
Amanita_bisporigera2.png,Amanita bisporigera
Amanita_bisporigera20.png,Amanita bisporigera
Amanita_bisporigera21.png,Amanita bisporigera
Amanita_bisporigera22.png,Amanita bisporigera
Amanita_bisporigera23.png,Amanita bisporigera
Amanita_bisporigera24.png,Amanita bisporigera
Amanita_bisporigera25.png,Amanita bisporigera
Amanita_bisporigera26.png,Amanita bisporigera
Amanita_bisporigera27.png,Amanita bisporigera
Amanita_bisporigera28.png,Amanita bisporigera
Amanita_bisporigera29.png,Amanita bisporigera
Amanita_bisporigera3.png,Amanita bisporigera
Amanita_bisporigera30.png,Amanita bisporigera
Amanita_bisporigera31.png,Amanita bisporigera
Amanita_bisporigera32.png,Amanita bisporigera
Amanita_bisporigera34.png,Amanita bisporigera
Amanita_bisporigera35.png,Amanita bisporigera
Amanita_bisporigera36.png,Amanita bisporigera
Amanita_bisporigera37.png,Amanita bisporigera
Amanita_bisporigera39.png,Amanita bisporigera
Amanita_bisporigera4.png,Amanita bisporigera
Amanita_bisporigera40.png,Amanita bisporigera
Amanita_bisporigera41.png,Amanita bisporigera
Amanita_bisporigera42.png,Amanita bisporigera
Amanita_bisporigera44.png,Amanita bisporigera
Amanita_bisporigera45.png,Amanita bisporigera
Amanita_bisporigera46.png,Amanita bisporigera
Amanita_bisporigera47.png,Amanita bisporigera
Amanita_bisporigera48.png,Amanita bisporigera
Amanita_bisporigera49.png,Amanita bisporigera
Amanita_bisporigera5.png,Amanita bisporigera
Amanita_bisporigera50.png,Amanita bisporigera
Amanita_bisporigera6.png,Amanita bisporigera
Amanita_bisporigera7.png,Amanita bisporigera
Amanita_bisporigera8.png,Amanita bisporigera
Amanita_bisporigera9.png,Amanita bisporigera
Cantharellus_cibarius0.png,Cantharellus
Cantharellus_cibarius1.png,Cantharellus
Cantharellus_cibarius10.png,Cantharellus
Cantharellus_cibarius11.png,Cantharellus
Cantharellus_cibarius12.png,Cantharellus
Cantharellus_cibarius13.png,Cantharellus
Cantharellus_cibarius14.png,Cantharellus
Cantharellus_cibarius15.png,Cantharellus
Cantharellus_cibarius16.png,Cantharellus
Cantharellus_cibarius17.png,Cantharellus
Cantharellus_cibarius18.png,Cantharellus
Cantharellus_cibarius19.png,Cantharellus
Cantharellus_cibarius2.png,Cantharellus
Cantharellus_cibarius20.png,Cantharellus
Cantharellus_cibarius21.png,Cantharellus
Cantharellus_cibarius22.png,Cantharellus
Cantharellus_cibarius23.png,Cantharellus
Cantharellus_cibarius24.png,Cantharellus
Cantharellus_cibarius25.png,Cantharellus
Cantharellus_cibarius26.png,Cantharellus
Cantharellus_cibarius27.png,Cantharellus
Cantharellus_cibarius28.png,Cantharellus
Cantharellus_cibarius29.png,Cantharellus
Cantharellus_cibarius3.png,Cantharellus
Cantharellus_cibarius30.png,Cantharellus
Cantharellus_cibarius31.png,Cantharellus
Cantharellus_cibarius32.png,Cantharellus
Cantharellus_cibarius33.png,Cantharellus
Cantharellus_cibarius34.png,Cantharellus
Cantharellus_cibarius35.png,Cantharellus
Cantharellus_cibarius36.png,Cantharellus
Cantharellus_cibarius37.png,Cantharellus
Cantharellus_cibarius38.png,Cantharellus
Cantharellus_cibarius39.png,Cantharellus
Cantharellus_cibarius40.png,Cantharellus
Cantharellus_cibarius42.png,Cantharellus
Cantharellus_cibarius45.png,Cantharellus
Cantharellus_cibarius46.png,Cantharellus
Cantharellus_cibarius47.png,Cantharellus
Cantharellus_cibarius48.png,Cantharellus
Cantharellus_cibarius49.png,Cantharellus
Cantharellus_cibarius50.png,Cantharellus
Cantharellus_cibarius51.png,Cantharellus
Cantharellus_cibarius52.png,Cantharellus
Cantharellus_cibarius53.png,Cantharellus
Cantharellus_cibarius54.png,Cantharellus
Cantharellus_cibarius55.png,Cantharellus
Cantharellus_cibarius7.png,Cantharellus
Cantharellus_cibarius8.png,Cantharellus
Cantharellus_cibarius9.png,Cantharellus
Boletus_edulis1.png,Boletus edulis
Boletus_edulis10.png,Boletus edulis
Boletus_edulis11.png,Boletus edulis
Boletus_edulis12.png,Boletus edulis
Boletus_edulis13.png,Boletus edulis
Boletus_edulis14.png,Boletus edulis
Boletus_edulis16.png,Boletus edulis
Boletus_edulis17.png,Boletus edulis
Boletus_edulis18.png,Boletus edulis
Boletus_edulis19.png,Boletus edulis
Boletus_edulis2.png,Boletus edulis
Boletus_edulis20.png,Boletus edulis
Boletus_edulis21.png,Boletus edulis
Boletus_edulis22.png,Boletus edulis
Boletus_edulis23.png,Boletus edulis
Boletus_edulis27.png,Boletus edulis
Boletus_edulis28.png,Boletus edulis
Boletus_edulis29.png,Boletus edulis
Boletus_edulis30.png,Boletus edulis
Boletus_edulis31.png,Boletus edulis
Boletus_edulis32.png,Boletus edulis
Boletus_edulis33.png,Boletus edulis
Boletus_edulis34.png,Boletus edulis
Boletus_edulis35.png,Boletus edulis
Boletus_edulis36.png,Boletus edulis
Boletus_edulis37.png,Boletus edulis
Boletus_edulis38.png,Boletus edulis
Boletus_edulis39.png,Boletus edulis
Boletus_edulis4.png,Boletus edulis
Boletus_edulis40.png,Boletus edulis
Boletus_edulis41.png,Boletus edulis
Boletus_edulis42.png,Boletus edulis
Boletus_edulis43.png,Boletus edulis
Boletus_edulis44.png,Boletus edulis
Boletus_edulis45.png,Boletus edulis
Boletus_edulis46.png,Boletus edulis
Boletus_edulis47.png,Boletus edulis
Boletus_edulis48.png,Boletus edulis
Boletus_edulis49.png,Boletus edulis
Boletus_edulis5.png,Boletus edulis
Boletus_edulis50.png,Boletus edulis
Boletus_edulis51.png,Boletus edulis
Boletus_edulis52.png,Boletus edulis
Boletus_edulis53.png,Boletus edulis
Boletus_edulis54.png,Boletus edulis
Boletus_edulis55.png,Boletus edulis
Boletus_edulis56.png,Boletus edulis
Boletus_edulis57.png,Boletus edulis
Boletus_edulis58.png,Boletus edulis
Boletus_edulis59.png,Boletus edulis
Boletus_edulis6.png,Boletus edulis
Boletus_edulis60.png,Boletus edulis
Boletus_edulis61.png,Boletus edulis
Boletus_edulis62.png,Boletus edulis
Boletus_edulis63.png,Boletus edulis
Boletus_edulis64.png,Boletus edulis
Boletus_edulis65.png,Boletus edulis
Boletus_edulis66.png,Boletus edulis
Boletus_edulis67.png,Boletus edulis
Boletus_edulis68.png,Boletus edulis
Boletus_edulis69.png,Boletus edulis
Boletus_edulis7.png,Boletus edulis
Boletus_edulis8.png,Boletus edulis
Boletus_edulis9.png,Boletus edulis
